reference_site,region
1,HA
2,HA
3,HA
4,HA
5,HA
6,HA
7,HA
8,HA
9,HA
10,HA
11,HA
12,HA
13,HA
14,HA
15,HA
16,HA
17,HA
18,HA
19,HA
20,HA
21,HA
22,HA
23,HA
24,HA
25,HA
26,HA
27,HA
28,HA
29,HA
30,HA
31,HA
32,HA
33,HA
34,HA
35,HA
36,HA
37,HA
38,HA
39,HA
40,HA
41,HA
42,HA
43,HA
44,HA
45,HA
46,HA
47,HA
48,HA
49,HA
50,HA
51,HA
52,HA
53,HA
54,HA
55,HA
56,HA
57,HA
58,HA
59,HA
60,HA
61,HA
62,HA
63,HA
64,HA
65,HA
66,HA
67,HA
68,HA
69,HA
70,HA
71,HA
72,HA
73,HA
74,HA
75,HA
76,HA
77,HA
78,HA
79,HA
80,HA
81,HA
82,HA
83,HA
84,HA
85,HA
86,HA
87,HA
88,HA
89,HA
90,HA
91,HA
92,HA
93,HA
94,HA
95,HA
96,HA
97,HA
98,HA
99,HA
100,HA
101,HA
102,HA
103,HA
104,HA
105,HA
106,HA
107,HA
108,HA
109,HA
110,HA
111,HA
112,HA
113,HA
114,HA
115,HA
116,HA
117,HA
118,HA
119,HA
120,HA
121,HA
122,HA
123,HA
124,HA
125,HA
126,HA
127,HA
128,HA
129,HA
130,HA
131,HA
132,HA
133,HA
134,HA
135,HA
136,HA
137,HA
138,HA
139,HA
140,HA
141,HA
142,HA
143,HA
144,HA
145,HA
146,HA
147,HA
148,HA
149,HA
150,HA
151,HA
152,HA
153,HA
154,HA
155,HA
156,HA
157,HA
158,HA
159,HA
160,HA
161,HA
162,HA
163,HA
164,HA
165,HA
166,HA
167,HA
168,HA
169,HA
170,HA
171,HA
172,HA
173,HA
174,HA
175,HA
176,HA
177,HA
178,HA
179,HA
180,HA
181,HA
182,HA
183,HA
184,HA
185,HA
186,HA
187,HA
188,HA
189,HA
190,HA
191,HA
192,HA
193,HA
194,HA
195,HA
196,HA
197,HA
198,HA
199,HA
200,HA
201,HA
202,HA
203,HA
204,HA
205,HA
206,HA
207,HA
208,HA
209,HA
210,HA
211,HA
212,HA
213,HA
214,HA
215,HA
216,HA
217,HA
218,HA
219,HA
220,HA
221,HA
222,HA
223,HA
224,HA
225,HA
226,HA
227,HA
228,HA
229,HA
230,HA
231,HA
232,HA
233,HA
234,HA
235,HA
236,HA
237,HA
238,HA
239,HA
240,HA
241,HA
242,HA
243,HA
244,HA
245,HA
246,HA
247,HA
248,HA
249,HA
250,HA
251,HA
252,HA
253,HA
254,HA
255,HA
256,HA
257,HA
258,HA
259,HA
260,HA
261,HA
262,HA
263,HA
264,HA
265,HA
266,HA
267,HA
268,HA
269,HA
270,HA
271,HA
272,HA
273,HA
274,HA
275,HA
276,HA
277,HA
278,HA
279,HA
280,HA
281,HA
282,HA
283,HA
284,HA
285,HA
286,HA
287,HA
288,HA
289,HA
290,HA
291,HA
292,HA
293,HA
294,HA
295,HA
296,HA
297,HA
298,HA
299,HA
300,HA
301,HA
302,HA
303,HA
304,HA
305,HA
306,HA
307,HA
308,HA
309,HA
310,HA
311,HA
312,HA
313,HA
314,HA
315,HA
316,HA
317,HA
318,HA
319,HA
320,HA
321,HA
322,HA
323,HA
324,HA
325,HA
326,HA
327,HA
328,HA
329,HA
330,HA
331,HA
332,HA
333,HA
334,HA
335,HA
336,HA
337,HA
338,HA
339,HA
340,HA
341,HA
342,HA
343,HA
344,HA
345,HA
346,HA
347,HA
348,HA
349,HA
350,HA
351,HA
352,HA
353,HA
354,HA
355,HA
356,HA
357,HA
358,HA
359,HA
360,HA
361,HA
362,HA
363,HA
364,HA
365,HA
366,HA
367,HA
368,HA
369,HA
370,HA
371,HA
372,HA
373,HA
374,HA
375,HA
376,HA
377,HA
378,HA
379,HA
380,HA
381,HA
382,HA
383,HA
384,HA
385,HA
386,HA
387,HA
388,HA
389,HA
390,HA
391,HA
392,HA
393,HA
394,HA
395,HA
396,HA
397,HA
398,HA
399,HA
400,HA
401,HA
402,HA
403,HA
404,HA
405,HA
406,HA
407,HA
408,HA
409,HA
410,HA
411,HA
412,HA
413,HA
414,HA
415,HA
416,HA
417,HA
418,HA
419,HA
420,HA
421,HA
422,HA
423,HA
424,HA
425,HA
426,HA
427,HA
428,HA
429,HA
430,HA
431,HA
432,HA
433,HA
434,HA
435,HA
436,HA
437,HA
438,HA
439,HA
440,HA
441,HA
442,HA
443,HA
444,HA
445,HA
446,HA
447,HA
448,HA
449,HA
450,HA
451,HA
452,HA
453,HA
454,HA
455,HA
456,HA
457,HA
458,HA
459,HA
460,HA
461,HA
462,HA
463,HA
464,HA
465,HA
466,HA
467,HA
468,HA
469,HA
470,HA
471,HA
472,HA
473,HA
474,HA
475,HA
476,HA
477,HA
478,HA
479,HA
480,HA
481,HA
482,HA
483,HA
484,HA
485,HA
486,HA
487,HA
488,HA
489,HA
490,HA
491,HA
492,HA
493,HA
494,HA
495,HA
496,HA
497,HA
498,HA
499,HA
500,HA
501,HA
502,HA
503,HA
504,HA
505,HA
506,HA
507,HA
508,HA
509,HA
510,HA
511,HA
512,HA
513,HA
514,HA
515,HA
516,HA
517,HA
518,HA
519,HA
520,HA
521,HA
522,HA
523,HA
524,HA
525,HA
526,HA
527,HA
528,HA
529,HA
530,HA
531,HA
532,HA
533,HA
534,HA
535,HA
536,HA
537,HA
538,HA
539,HA
540,HA
541,HA
542,HA
543,HA
544,HA
545,HA
546,HA
547,HA
548,HA
549,HA
550,HA
551,HA
552,HA
553,HA
554,HA
555,HA
556,HA
557,HA
558,HA
559,HA
560,HA
561,HA
562,HA
563,HA
564,HA
565,HA
566,HA
567,HA