Pool name,Primer name,Ambiguous codon,Sequence
H5_ForPool,H5-for-mut1,NNG,cgcgtgccaccNNGGAAAATATCGTG
H5_ForPool,H5-for-mut2,NNG,cgtgccaccATGNNGAATATCGTGCTTT
H5_ForPool,H5-for-mut3,NNG,gccaccATGGAANNGATCGTGCTTTTGC
H5_ForPool,H5-for-mut4,NNG,caccATGGAAAATNNGGTGCTTTTGCTCG
H5_ForPool,H5-for-mut5,NNG,ccATGGAAAATATCNNGCTTTTGCTCGCCATT
H5_ForPool,H5-for-mut6,NNG,TGGAAAATATCGTGNNGTTGCTCGCCATTGT
H5_ForPool,H5-for-mut7,NNG,AAAATATCGTGCTTNNGCTCGCCATTGTGTC
H5_ForPool,H5-for-mut8,NNG,ATATCGTGCTTTTGNNGGCCATTGTGTCACTC
H5_ForPool,H5-for-mut9,NNG,CGTGCTTTTGCTCNNGATTGTGTCACTCG
H5_ForPool,H5-for-mut10,NNG,TTTTGCTCGCCNNGGTGTCACTCGT
H5_ForPool,H5-for-mut11,NNG,TTTGCTCGCCATTNNGTCACTCGTGAAGT
H5_ForPool,H5-for-mut12,NNG,TCGCCATTGTGNNGCTCGTGAAGTCC
H5_ForPool,H5-for-mut13,NNG,GCCATTGTGTCANNGGTGAAGTCCGAC
H5_ForPool,H5-for-mut14,NNG,CCATTGTGTCACTCNNGAAGTCCGACCAAATC
H5_ForPool,H5-for-mut15,NNG,GTGTCACTCGTGNNGTCCGACCAAATCT
H5_ForPool,H5-for-mut16,NNG,GTGTCACTCGTGAAGNNGGACCAAATCTGTATC
H5_ForPool,H5-for-mut17,NNG,CACTCGTGAAGTCCNNGCAAATCTGTATCGG
H5_ForPool,H5-for-mut18,NNG,CGTGAAGTCCGACNNGATCTGTATCGGGTA
H5_ForPool,H5-for-mut19,NNG,TGAAGTCCGACCAANNGTGTATCGGGTATCAC
H5_ForPool,H5-for-mut20,NNG,GTCCGACCAAATCNNGATCGGGTATCACG
H5_ForPool,H5-for-mut21,NNG,GACCAAATCTGTNNGGGGTATCACGCCA
H5_ForPool,H5-for-mut22,NNG,CGACCAAATCTGTATCNNGTATCACGCCAATAACTC
H5_ForPool,H5-for-mut23,NNG,AAATCTGTATCGGGNNGCACGCCAATAACTC
H5_ForPool,H5-for-mut24,NNG,CAAATCTGTATCGGGTATNNGGCCAATAACTCTACTGAA
H5_ForPool,H5-for-mut25,NNG,ATCTGTATCGGGTATCACNNGAATAACTCTACTGAACAGG
H5_ForPool,H5-for-mut26,NNG,CGGGTATCACGCCNNGAACTCTACTGAAC
H5_ForPool,H5-for-mut27,NNG,GGTATCACGCCAATNNGTCTACTGAACAGGTG
H5_ForPool,H5-for-mut28,NNG,TATCACGCCAATAACNNGACTGAACAGGTGGATA
H5_ForPool,H5-for-mut29,NNG,ACGCCAATAACTCTNNGGAACAGGTGGATAC
H5_ForPool,H5-for-mut30,NNG,CGCCAATAACTCTACTNNGCAGGTGGATACCATTAT
H5_ForPool,H5-for-mut31,NNG,GCCAATAACTCTACTGAANNGGTGGATACCATTATGGAG
H5_ForPool,H5-for-mut32,NNG,CCAATAACTCTACTGAACAGNNGGATACCATTATGGAGAAGAA
H5_ForPool,H5-for-mut33,NNG,ACTCTACTGAACAGGTGNNGACCATTATGGAGAAGAA
H5_ForPool,H5-for-mut34,NNG,TCTACTGAACAGGTGGATNNGATTATGGAGAAGAATGTG
H5_ForPool,H5-for-mut35,NNG,GAACAGGTGGATACCNNGATGGAGAAGAATGTGA
H5_ForPool,H5-for-mut36,NNG,CAGGTGGATACCATTNNGGAGAAGAATGTGACC
H5_ForPool,H5-for-mut37,NNG,GGTGGATACCATTATGNNGAAGAATGTGACCGTGA
H5_ForPool,H5-for-mut38,NNG,GATACCATTATGGAGNNGAATGTGACCGTGACC
H5_ForPool,H5-for-mut39,NNG,CATTATGGAGAAGNNGGTGACCGTGACCC
H5_ForPool,H5-for-mut40,NNG,TATGGAGAAGAATNNGACCGTGACCCACG
H5_ForPool,H5-for-mut41,NNG,AGAAGAATGTGNNGGTGACCCACGCG
H5_ForPool,H5-for-mut42,NNG,AGAATGTGACCNNGACCCACGCGCA
H5_ForPool,H5-for-mut43,NNG,ATGTGACCGTGNNGCACGCGCAGGA
H5_ForPool,H5-for-mut44,NNG,TGACCGTGACCNNGGCGCAGGATAT
H5_ForPool,H5-for-mut45,NNG,TGACCGTGACCCACNNGCAGGATATTTTAGA
H5_ForPool,H5-for-mut46,NNG,CGTGACCCACGCGNNGGATATTTTAGAGAA
H5_ForPool,H5-for-mut47,NNG,GACCCACGCGCAGNNGATTTTAGAGAAGAC
H5_ForPool,H5-for-mut48,NNG,CCACGCGCAGGATNNGTTAGAGAAGACTC
H5_ForPool,H5-for-mut49,NNG,CACGCGCAGGATATTNNGGAGAAGACTCATAATG
H5_ForPool,H5-for-mut50,NNG,CGCGCAGGATATTTTANNGAAGACTCATAATGGCAA
H5_ForPool,H5-for-mut51,NNG,GCGCAGGATATTTTAGAGNNGACTCATAATGGCAAATTA
H5_ForPool,H5-for-mut52,NNG,GCAGGATATTTTAGAGAAGNNGCATAATGGCAAATTATGCG
H5_ForPool,H5-for-mut53,NNG,GGATATTTTAGAGAAGACTNNGAATGGCAAATTATGCGACT
H5_ForPool,H5-for-mut54,NNG,TTTTAGAGAAGACTCATNNGGGCAAATTATGCGACTTG
H5_ForPool,H5-for-mut55,NNG,TTTTAGAGAAGACTCATAATNNGAAATTATGCGACTTGAACGG
H5_ForPool,H5-for-mut56,NNG,AAGACTCATAATGGCNNGTTATGCGACTTGAACG
H5_ForPool,H5-for-mut57,NNG,CTCATAATGGCAAANNGTGCGACTTGAACGG
H5_ForPool,H5-for-mut58,NNG,CTCATAATGGCAAATTANNGGACTTGAACGGCGTTAA
H5_ForPool,H5-for-mut59,NNG,TAATGGCAAATTATGCNNGTTGAACGGCGTTAAAC
H5_ForPool,H5-for-mut60,NNG,CAAATTATGCGACNNGAACGGCGTTAAACC
H5_ForPool,H5-for-mut61,NNG,ATTATGCGACTTGNNGGGCGTTAAACCCC
H5_ForPool,H5-for-mut62,NNG,AATTATGCGACTTGAACNNGGTTAAACCCCTCATACT
H5_ForPool,H5-for-mut63,NNG,GACTTGAACGGCNNGAAACCCCTCATAC
H5_ForPool,H5-for-mut64,NNG,TTGAACGGCGTTNNGCCCCTCATACTC
H5_ForPool,H5-for-mut65,NNG,CTTGAACGGCGTTAAANNGCTCATACTCAAAGACT
H5_ForPool,H5-for-mut66,NNG,ACGGCGTTAAACCCNNGATACTCAAAGACTG
H5_ForPool,H5-for-mut67,NNG,CGTTAAACCCCTCNNGCTCAAAGACTGCT
H5_ForPool,H5-for-mut68,NNG,GTTAAACCCCTCATANNGAAAGACTGCTCTGTGG
H5_ForPool,H5-for-mut69,NNG,CCCCTCATACTCNNGGACTGCTCTGTG
H5_ForPool,H5-for-mut70,NNG,CCTCATACTCAAANNGTGCTCTGTGGCAGG
H5_ForPool,H5-for-mut71,NNG,TCATACTCAAAGACNNGTCTGTGGCAGGTTG
H5_ForPool,H5-for-mut72,NNG,TCAAAGACTGCNNGGTGGCAGGTTG
H5_ForPool,H5-for-mut73,NNG,AAAGACTGCTCTNNGGCAGGTTGGCTG
H5_ForPool,H5-for-mut74,NNG,ACTGCTCTGTGNNGGGTTGGCTGCT
H5_ForPool,H5-for-mut75,NNG,GCTCTGTGGCANNGTGGCTGCTGGG
H5_ForPool,H5-for-mut76,NNG,CTGTGGCAGGTNNGCTGCTGGGCAA
H5_ForPool,H5-for-mut77,NNG,TGGCAGGTTGGNNGCTGGGCAATCC
H5_ForPool,H5-for-mut78,NNG,CAGGTTGGCTGNNGGGCAATCCCAT
H5_ForPool,H5-for-mut79,NNG,GGTTGGCTGCTGNNGAATCCCATGTGT
H5_ForPool,H5-for-mut80,NNG,GGCTGCTGGGCNNGCCCATGTGTGA
H5_ForPool,H5-for-mut81,NNG,CTGCTGGGCAATNNGATGTGTGATGAGT
H5_ForPool,H5-for-mut82,NNG,GCTGGGCAATCCCNNGTGTGATGAGTTTAT
H5_ForPool,H5-for-mut83,NNG,TGGGCAATCCCATGNNGGATGAGTTTATTCG
H5_ForPool,H5-for-mut84,NNG,GCAATCCCATGTGTNNGGAGTTTATTCGGGTA
H5_ForPool,H5-for-mut85,NNG,CAATCCCATGTGTGATNNGTTTATTCGGGTACCTG
H5_ForPool,H5-for-mut86,NNG,CCATGTGTGATGAGNNGATTCGGGTACCTGA
H5_ForPool,H5-for-mut87,NNG,GTGTGATGAGTTTNNGCGGGTACCTGAGTG
H5_ForPool,H5-for-mut88,NNG,TGTGTGATGAGTTTATTNNGGTACCTGAGTGGAGTTA
H5_ForPool,H5-for-mut89,NNG,GTGATGAGTTTATTCGGNNGCCTGAGTGGAGTTATAT
H5_ForPool,H5-for-mut90,NNG,TGATGAGTTTATTCGGGTANNGGAGTGGAGTTATATTGTTG
H5_ForPool,H5-for-mut91,NNG,TGAGTTTATTCGGGTACCTNNGTGGAGTTATATTGTTGAAA
H5_ForPool,H5-for-mut92,NNG,GTTTATTCGGGTACCTGAGNNGAGTTATATTGTTGAAAGAGC
H5_ForPool,H5-for-mut93,NNG,TCGGGTACCTGAGTGGNNGTATATTGTTGAAAGAG
H5_ForPool,H5-for-mut94,NNG,GTACCTGAGTGGAGTNNGATTGTTGAAAGAGCC
H5_ForPool,H5-for-mut95,NNG,CCTGAGTGGAGTTATNNGGTTGAAAGAGCCAATC
H5_ForPool,H5-for-mut96,NNG,TGAGTGGAGTTATATTNNGGAAAGAGCCAATCCCG
H5_ForPool,H5-for-mut97,NNG,GGAGTTATATTGTTNNGAGAGCCAATCCCGCG
H5_ForPool,H5-for-mut98,NNG,AGTTATATTGTTGAANNGGCCAATCCCGCGAAC
H5_ForPool,H5-for-mut99,NNG,GAGTTATATTGTTGAAAGANNGAATCCCGCGAACGATTTAT
H5_ForPool,H5-for-mut100,NNG,TTGAAAGAGCCNNGCCCGCGAACGA
H5_ForPool,H5-for-mut101,NNG,GTTGAAAGAGCCAATNNGGCGAACGATTTATGC
H5_ForPool,H5-for-mut102,NNG,TGAAAGAGCCAATCCCNNGAACGATTTATGCTATC
H5_ForPool,H5-for-mut103,NNG,AGCCAATCCCGCGNNGGATTTATGCTATC
H5_ForPool,H5-for-mut104,NNG,AATCCCGCGAACNNGTTATGCTATCCCG
H5_ForPool,H5-for-mut105,NNG,CCGCGAACGATNNGTGCTATCCCGG
H5_ForPool,H5-for-mut106,NNG,GCGAACGATTTANNGTATCCCGGCAGTC
H5_ForPool,H5-for-mut107,NNG,AACGATTTATGCNNGCCCGGCAGTCTTA
H5_ForPool,H5-for-mut108,NNG,CGAACGATTTATGCTATNNGGGCAGTCTTAACGATTA
H5_ForPool,H5-for-mut109,NNG,ACGATTTATGCTATCCCNNGAGTCTTAACGATTACGA
H5_ForPool,H5-for-mut110,NNG,ATGCTATCCCGGCNNGCTTAACGATTACG
H5_ForPool,H5-for-mut111,NNG,CTATCCCGGCAGTNNGAACGATTACGAGGA
H5_ForPool,H5-for-mut112,NNG,CCCGGCAGTCTTNNGGATTACGAGGAG
H5_ForPool,H5-for-mut113,NNG,CCGGCAGTCTTAACNNGTACGAGGAGTTAAAG
H5_ForPool,H5-for-mut114,NNG,GGCAGTCTTAACGATNNGGAGGAGTTAAAGCAC
H5_ForPool,H5-for-mut115,NNG,CAGTCTTAACGATTACNNGGAGTTAAAGCACATGCT
H5_ForPool,H5-for-mut116,NNG,GTCTTAACGATTACGAGNNGTTAAAGCACATGCTGTC
H5_ForPool,H5-for-mut117,NNG,CGATTACGAGGAGNNGAAGCACATGCTGTC
H5_ForPool,H5-for-mut118,NNG,GATTACGAGGAGTTANNGCACATGCTGTCAAGG
H5_ForPool,H5-for-mut119,NNG,ATTACGAGGAGTTAAAGNNGATGCTGTCAAGGATCAA
H5_ForPool,H5-for-mut120,NNG,GAGGAGTTAAAGCACNNGCTGTCAAGGATCAAC
H5_ForPool,H5-for-mut121,NNG,GAGTTAAAGCACATGNNGTCAAGGATCAACCACT
H5_ForPool,H5-for-mut122,NNG,TTAAAGCACATGCTGNNGAGGATCAACCACTTC
H5_ForPool,H5-for-mut123,NNG,GCACATGCTGTCANNGATCAACCACTTCGA
H5_ForPool,H5-for-mut124,NNG,CATGCTGTCAAGGNNGAACCACTTCGAGAA
H5_ForPool,H5-for-mut125,NNG,ATGCTGTCAAGGATCNNGCACTTCGAGAAAATC
H5_ForPool,H5-for-mut126,NNG,CTGTCAAGGATCAACNNGTTCGAGAAAATCCTCA
H5_ForPool,H5-for-mut127,NNG,TGTCAAGGATCAACCACNNGGAGAAAATCCTCATTAT
H5_ForPool,H5-for-mut128,NNG,CAAGGATCAACCACTTCNNGAAAATCCTCATTATCCC
H5_ForPool,H5-for-mut129,NNG,GATCAACCACTTCGAGNNGATCCTCATTATCCCAAA
H5_ForPool,H5-for-mut130,NNG,TCAACCACTTCGAGAAANNGCTCATTATCCCAAAATC
H5_ForPool,H5-for-mut131,NNG,ACCACTTCGAGAAAATCNNGATTATCCCAAAATCAAGC
H5_ForPool,H5-for-mut132,NNG,CTTCGAGAAAATCCTCNNGATCCCAAAATCAAGCTG
H5_ForPool,H5-for-mut133,NNG,GAGAAAATCCTCATTNNGCCAAAATCAAGCTGGC
H5_ForPool,H5-for-mut134,NNG,AGAAAATCCTCATTATCNNGAAATCAAGCTGGCCTAAC
H5_ForPool,H5-for-mut135,NNG,ATCCTCATTATCCCANNGTCAAGCTGGCCTAAC
H5_ForPool,H5-for-mut136,NNG,CTCATTATCCCAAAANNGAGCTGGCCTAACCAC
H5_ForPool,H5-for-mut137,NNG,ATTATCCCAAAATCANNGTGGCCTAACCACGAGA
H5_ForPool,H5-for-mut138,NNG,CCCAAAATCAAGCNNGCCTAACCACGAGA
H5_ForPool,H5-for-mut139,NNG,AAAATCAAGCTGGNNGAACCACGAGACCAG
H5_ForPool,H5-for-mut140,NNG,CAAGCTGGCCTNNGCACGAGACCAG
H5_ForPool,H5-for-mut141,NNG,GCTGGCCTAACNNGGAGACCAGCCT
H5_ForPool,H5-for-mut142,NNG,GGCCTAACCACNNGACCAGCCTGGG
H5_ForPool,H5-for-mut143,NNG,CTAACCACGAGNNGAGCCTGGGCGT
H5_ForPool,H5-for-mut144,NNG,ACCACGAGACCNNGCTGGGCGTATC
H5_ForPool,H5-for-mut145,NNG,ACGAGACCAGCNNGGGCGTATCTGC
H5_ForPool,H5-for-mut146,NNG,AGACCAGCCTGNNGGTATCTGCTGC
H5_ForPool,H5-for-mut147,NNG,CCAGCCTGGGCNNGTCTGCTGCCTG
H5_ForPool,H5-for-mut148,NNG,GCCTGGGCGTANNGGCTGCCTGCCC
H5_ForPool,H5-for-mut149,NNG,TGGGCGTATCTNNGGCCTGCCCCTA
H5_ForPool,H5-for-mut150,NNG,GGCGTATCTGCTNNGTGCCCCTATCAAG
H5_ForPool,H5-for-mut151,NNG,GTATCTGCTGCCNNGCCCTATCAAGGC
H5_ForPool,H5-for-mut152,NNG,CTGCTGCCTGCNNGTATCAAGGCGC
H5_ForPool,H5-for-mut153,NNG,CTGCCTGCCCCNNGCAAGGCGCCCC
H5_ForPool,H5-for-mut154,NNG,CCTGCCCCTATNNGGGCGCCCCTAG
H5_ForPool,H5-for-mut155,NNG,GCCCCTATCAANNGGCCCCTAGCTTC
H5_ForPool,H5-for-mut156,NNG,CCCCTATCAAGGCNNGCCTAGCTTCTTTAG
H5_ForPool,H5-for-mut157,NNG,CTATCAAGGCGCCNNGAGCTTCTTTAGGAA
H5_ForPool,H5-for-mut158,NNG,CAAGGCGCCCCTNNGTTCTTTAGGAAC
H5_ForPool,H5-for-mut159,NNG,GCGCCCCTAGCNNGTTTAGGAACGT
H5_ForPool,H5-for-mut160,NNG,CCCCTAGCTTCNNGAGGAACGTCGTC
H5_ForPool,H5-for-mut161,NNG,CCCTAGCTTCTTTNNGAACGTCGTCTGGTT
H5_ForPool,H5-for-mut162,NNG,CCCTAGCTTCTTTAGGNNGGTCGTCTGGTTAATTAA
H5_ForPool,H5-for-mut163,NNG,CCTAGCTTCTTTAGGAACNNGGTCTGGTTAATTAAGAAGA
H5_ForPool,H5-for-mut164,NNG,AGCTTCTTTAGGAACGTCNNGTGGTTAATTAAGAAGAATG
H5_ForPool,H5-for-mut165,NNG,TTCTTTAGGAACGTCGTCNNGTTAATTAAGAAGAATGACG
H5_ForPool,H5-for-mut166,NNG,TAGGAACGTCGTCTGGNNGATTAAGAAGAATGACG
H5_ForPool,H5-for-mut167,NNG,ACGTCGTCTGGTTANNGAAGAAGAATGACGC
H5_ForPool,H5-for-mut168,NNG,CGTCGTCTGGTTAATTNNGAAGAATGACGCCTATC
H5_ForPool,H5-for-mut169,NNG,CGTCTGGTTAATTAAGNNGAATGACGCCTATCCCA
H5_ForPool,H5-for-mut170,NNG,TCTGGTTAATTAAGAAGNNGGACGCCTATCCCACTAT
H5_ForPool,H5-for-mut171,NNG,GTCTGGTTAATTAAGAAGAATNNGGCCTATCCCACTATTAAAATCT
H5_ForPool,H5-for-mut172,NNG,GTCTGGTTAATTAAGAAGAATGACNNGTATCCCACTATTAAAATCTCTTAT
H5_ForPool,H5-for-mut173,NNG,TTAAGAAGAATGACGCCNNGCCCACTATTAAAATCTC
H5_ForPool,H5-for-mut174,NNG,TTAATTAAGAAGAATGACGCCTATNNGACTATTAAAATCTCTTATAACAAC
H5_ForPool,H5-for-mut175,NNG,AGAAGAATGACGCCTATCCCNNGATTAAAATCTCTTATAACAA
H5_ForPool,H5-for-mut176,NNG,AATGACGCCTATCCCACTNNGAAAATCTCTTATAACAACA
H5_ForPool,H5-for-mut177,NNG,GACGCCTATCCCACTATTNNGATCTCTTATAACAACACT
H5_ForPool,H5-for-mut178,NNG,CGCCTATCCCACTATTAAANNGTCTTATAACAACACTAACCG
H5_ForPool,H5-for-mut179,NNG,CTATCCCACTATTAAAATCNNGTATAACAACACTAACCGCG
H5_ForPool,H5-for-mut180,NNG,CCACTATTAAAATCTCTNNGAACAACACTAACCGCGA
H5_ForPool,H5-for-mut181,NNG,ACTATTAAAATCTCTTATNNGAACACTAACCGCGAGGACC
H5_ForPool,H5-for-mut182,NNG,TTAAAATCTCTTATAACNNGACTAACCGCGAGGACCT
H5_ForPool,H5-for-mut183,NNG,TCTCTTATAACAACNNGAACCGCGAGGACCT
H5_ForPool,H5-for-mut184,NNG,TTATAACAACACTNNGCGCGAGGACCTGC
H5_ForPool,H5-for-mut185,NNG,CTTATAACAACACTAACNNGGAGGACCTGCTGATCTT
H5_ForPool,H5-for-mut186,NNG,AACACTAACCGCNNGGACCTGCTGATC
H5_ForPool,H5-for-mut187,NNG,ACTAACCGCGAGNNGCTGCTGATCTTG
H5_ForPool,H5-for-mut188,NNG,ACCGCGAGGACNNGCTGATCTTGTG
H5_ForPool,H5-for-mut189,NNG,GCGAGGACCTGNNGATCTTGTGGGG
H5_ForPool,H5-for-mut190,NNG,AGGACCTGCTGNNGTTGTGGGGCAT
H5_ForPool,H5-for-mut191,NNG,GACCTGCTGATCNNGTGGGGCATACAC
H5_ForPool,H5-for-mut192,NNG,CTGCTGATCTTGNNGGGCATACACCACT
H5_ForPool,H5-for-mut193,NNG,CCTGCTGATCTTGTGGNNGATACACCACTCAAATA
H5_ForPool,H5-for-mut194,NNG,GATCTTGTGGGGCNNGCACCACTCAAATAA
H5_ForPool,H5-for-mut195,NNG,TCTTGTGGGGCATANNGCACTCAAATAACGC
H5_ForPool,H5-for-mut196,NNG,TGGGGCATACACNNGTCAAATAACGCC
H5_ForPool,H5-for-mut197,NNG,GGCATACACCACNNGAATAACGCCGAG
H5_ForPool,H5-for-mut198,NNG,CATACACCACTCANNGAACGCCGAGGAAC
H5_ForPool,H5-for-mut199,NNG,TACACCACTCAAATNNGGCCGAGGAACAAAC
H5_ForPool,H5-for-mut200,NNG,CACCACTCAAATAACNNGGAGGAACAAACCAAC
H5_ForPool,H5-for-mut201,NNG,ACTCAAATAACGCCNNGGAACAAACCAACCTT
H5_ForPool,H5-for-mut202,NNG,CTCAAATAACGCCGAGNNGCAAACCAACCTTTATAA
H5_ForPool,H5-for-mut203,NNG,CAAATAACGCCGAGGAANNGACCAACCTTTATAAGAA
H5_ForPool,H5-for-mut204,NNG,ATAACGCCGAGGAACAANNGAACCTTTATAAGAATCCC
H5_ForPool,H5-for-mut205,NNG,CCGAGGAACAAACCNNGCTTTATAAGAATCCC
H5_ForPool,H5-for-mut206,NNG,CGAGGAACAAACCAACNNGTATAAGAATCCCACTAC
H5_ForPool,H5-for-mut207,NNG,GAACAAACCAACCTTNNGAAGAATCCCACTACGT
H5_ForPool,H5-for-mut208,NNG,GGAACAAACCAACCTTTATNNGAATCCCACTACGTATATCT
H5_ForPool,H5-for-mut209,NNG,CAAACCAACCTTTATAAGNNGCCCACTACGTATATCTCT
H5_ForPool,H5-for-mut210,NNG,AAACCAACCTTTATAAGAATNNGACTACGTATATCTCTGTGGG
H5_ForPool,H5-for-mut211,NNG,ACCTTTATAAGAATCCCNNGACGTATATCTCTGTGGGC
H5_ForPool,H5-for-mut212,NNG,CTTTATAAGAATCCCACTNNGTATATCTCTGTGGGCACT
H5_ForPool,H5-for-mut213,NNG,GAATCCCACTACGNNGATCTCTGTGGGCA
H5_ForPool,H5-for-mut214,NNG,ATCCCACTACGTATNNGTCTGTGGGCACTAG
H5_ForPool,H5-for-mut215,NNG,CACTACGTATATCNNGGTGGGCACTAGCAC
H5_ForPool,H5-for-mut216,NNG,ACTACGTATATCTCTNNGGGCACTAGCACCTTGA
H5_ForPool,H5-for-mut217,NNG,CTACGTATATCTCTGTGNNGACTAGCACCTTGAATCAA
H5_ForPool,H5-for-mut218,NNG,TATATCTCTGTGGGCNNGAGCACCTTGAATCAA
H5_ForPool,H5-for-mut219,NNG,CTCTGTGGGCACTNNGACCTTGAATCAAC
H5_ForPool,H5-for-mut220,NNG,GTGGGCACTAGCNNGTTGAATCAACGG
H5_ForPool,H5-for-mut221,NNG,GCACTAGCACCNNGAATCAACGGCTG
H5_ForPool,H5-for-mut222,NNG,CTAGCACCTTGNNGCAACGGCTGGC
H5_ForPool,H5-for-mut223,NNG,GCACCTTGAATNNGCGGCTGGCCCC
H5_ForPool,H5-for-mut224,NNG,ACCTTGAATCAANNGCTGGCCCCCAAG
H5_ForPool,H5-for-mut225,NNG,TTGAATCAACGGNNGGCCCCCAAGATTG
H5_ForPool,H5-for-mut226,NNG,ATCAACGGCTGNNGCCCAAGATTGC
H5_ForPool,H5-for-mut227,NNG,AACGGCTGGCCNNGAAGATTGCCAC
H5_ForPool,H5-for-mut228,NNG,GGCTGGCCCCCNNGATTGCCACCCG
H5_ForPool,H5-for-mut229,NNG,TGGCCCCCAAGNNGGCCACCCGCAG
H5_ForPool,H5-for-mut230,NNG,CCCCCAAGATTNNGACCCGCAGTCAG
H5_ForPool,H5-for-mut231,NNG,CCAAGATTGCCNNGCGCAGTCAGGT
H5_ForPool,H5-for-mut232,NNG,CAAGATTGCCACCNNGAGTCAGGTGAATG
H5_ForPool,H5-for-mut233,NNG,TTGCCACCCGCNNGCAGGTGAATGG
H5_ForPool,H5-for-mut234,NNG,CCACCCGCAGTNNGGTGAATGGACA
H5_ForPool,H5-for-mut235,NNG,ACCCGCAGTCAGNNGAATGGACAGAGA
H5_ForPool,H5-for-mut236,NNG,GCAGTCAGGTGNNGGGACAGAGAGG
H5_ForPool,H5-for-mut237,NNG,AGTCAGGTGAATNNGCAGAGAGGCAGGA
H5_ForPool,H5-for-mut238,NNG,TCAGGTGAATGGANNGAGAGGCAGGATGG
H5_ForPool,H5-for-mut239,NNG,GTGAATGGACAGNNGGGCAGGATGGATT
H5_ForPool,H5-for-mut240,NNG,AGGTGAATGGACAGAGANNGAGGATGGATTTCTTTTG
H5_ForPool,H5-for-mut241,NNG,AATGGACAGAGAGGCNNGATGGATTTCTTTTGG
H5_ForPool,H5-for-mut242,NNG,GACAGAGAGGCAGGNNGGATTTCTTTTGGAC
H5_ForPool,H5-for-mut243,NNG,ACAGAGAGGCAGGATGNNGTTCTTTTGGACTATAC
H5_ForPool,H5-for-mut244,NNG,GAGAGGCAGGATGGATNNGTTTTGGACTATACTGAA
H5_ForPool,H5-for-mut245,NNG,GGCAGGATGGATTTCNNGTGGACTATACTGAAG
H5_ForPool,H5-for-mut246,NNG,CAGGATGGATTTCTTTNNGACTATACTGAAGCCGGA
H5_ForPool,H5-for-mut247,NNG,ATGGATTTCTTTTGGNNGATACTGAAGCCGGAC
H5_ForPool,H5-for-mut248,NNG,TTCTTTTGGACTNNGCTGAAGCCGGAC
H5_ForPool,H5-for-mut249,NNG,CTTTTGGACTATANNGAAGCCGGACGACGC
H5_ForPool,H5-for-mut250,NNG,GGACTATACTGNNGCCGGACGACGC
H5_ForPool,H5-for-mut251,NNG,GGACTATACTGAAGNNGGACGACGCGATTCA
H5_ForPool,H5-for-mut252,NNG,TATACTGAAGCCGNNGGACGCGATTCACT
H5_ForPool,H5-for-mut253,NNG,TGAAGCCGGACNNGGCGATTCACTTT
H5_ForPool,H5-for-mut254,NNG,TGAAGCCGGACGACNNGATTCACTTTGAATC
H5_ForPool,H5-for-mut255,NNG,CGGACGACGCGNNGCACTTTGAATC
H5_ForPool,H5-for-mut256,NNG,GGACGACGCGATTNNGTTTGAATCTAACGG
H5_ForPool,H5-for-mut257,NNG,GACGCGATTCACNNGGAATCTAACGGC
H5_ForPool,H5-for-mut258,NNG,ACGCGATTCACTTTNNGTCTAACGGCAACTT
H5_ForPool,H5-for-mut259,NNG,GCGATTCACTTTGAANNGAACGGCAACTTTATCG
H5_ForPool,H5-for-mut260,NNG,ATTCACTTTGAATCTNNGGGCAACTTTATCGCCC
H5_ForPool,H5-for-mut261,NNG,TTCACTTTGAATCTAACNNGAACTTTATCGCCCCTGA
H5_ForPool,H5-for-mut262,NNG,TGAATCTAACGGCNNGTTTATCGCCCCTG
H5_ForPool,H5-for-mut263,NNG,CTAACGGCAACNNGATCGCCCCTGA
H5_ForPool,H5-for-mut264,NNG,AACGGCAACTTTNNGGCCCCTGAGTAC
H5_ForPool,H5-for-mut265,NNG,TAACGGCAACTTTATCNNGCCTGAGTACGCTTATAA
H5_ForPool,H5-for-mut266,NNG,GGCAACTTTATCGCCNNGGAGTACGCTTATAAG
H5_ForPool,H5-for-mut267,NNG,GCAACTTTATCGCCCCTNNGTACGCTTATAAGATAGT
H5_ForPool,H5-for-mut268,NNG,CTTTATCGCCCCTGAGNNGGCTTATAAGATAGTGAA
H5_ForPool,H5-for-mut269,NNG,TTTATCGCCCCTGAGTACNNGTATAAGATAGTGAAGAAGG
H5_ForPool,H5-for-mut270,NNG,CCCCTGAGTACGCTNNGAAGATAGTGAAGAAG
H5_ForPool,H5-for-mut271,NNG,CCCTGAGTACGCTTATNNGATAGTGAAGAAGGGTG
H5_ForPool,H5-for-mut272,NNG,CTGAGTACGCTTATAAGNNGGTGAAGAAGGGTGATAG
H5_ForPool,H5-for-mut273,NNG,TGAGTACGCTTATAAGATANNGAAGAAGGGTGATAGTACGA
H5_ForPool,H5-for-mut274,NNG,TACGCTTATAAGATAGTGNNGAAGGGTGATAGTACGATCA
H5_ForPool,H5-for-mut275,NNG,CGCTTATAAGATAGTGAAGNNGGGTGATAGTACGATCATGA
H5_ForPool,H5-for-mut276,NNG,GCTTATAAGATAGTGAAGAAGNNGGATAGTACGATCATGAAGAGC
H5_ForPool,H5-for-mut277,NNG,AGATAGTGAAGAAGGGTNNGAGTACGATCATGAAGAGC
H5_ForPool,H5-for-mut278,NNG,GTGAAGAAGGGTGATNNGACGATCATGAAGAGC
H5_ForPool,H5-for-mut279,NNG,AAGAAGGGTGATAGTNNGATCATGAAGAGCGGG
H5_ForPool,H5-for-mut280,NNG,GGTGATAGTACGNNGATGAAGAGCGGGG
H5_ForPool,H5-for-mut281,NNG,GTGATAGTACGATCNNGAAGAGCGGGGTTGA
H5_ForPool,H5-for-mut282,NNG,GATAGTACGATCATGNNGAGCGGGGTTGAGTAC
H5_ForPool,H5-for-mut283,NNG,TACGATCATGAAGNNGGGGGTTGAGTACGG
H5_ForPool,H5-for-mut284,NNG,GATCATGAAGAGCNNGGTTGAGTACGGTCA
H5_ForPool,H5-for-mut285,NNG,ATGAAGAGCGGGNNGGAGTACGGTCATT
H5_ForPool,H5-for-mut286,NNG,ATGAAGAGCGGGGTTNNGTACGGTCATTGTAATA
H5_ForPool,H5-for-mut287,NNG,GAGCGGGGTTGAGNNGGGTCATTGTAATAC
H5_ForPool,H5-for-mut288,NNG,AGCGGGGTTGAGTACNNGCATTGTAATACAAAG
H5_ForPool,H5-for-mut289,NNG,GGGGTTGAGTACGGTNNGTGTAATACAAAGTGC
H5_ForPool,H5-for-mut290,NNG,GTTGAGTACGGTCATNNGAATACAAAGTGCCAGA
H5_ForPool,H5-for-mut291,NNG,AGTACGGTCATTGTNNGACAAAGTGCCAGAC
H5_ForPool,H5-for-mut292,NNG,ACGGTCATTGTAATNNGAAGTGCCAGACACC
H5_ForPool,H5-for-mut293,NNG,GTCATTGTAATACANNGTGCCAGACACCGGTT
H5_ForPool,H5-for-mut294,NNG,ATTGTAATACAAAGNNGCAGACACCGGTTGGG
H5_ForPool,H5-for-mut295,NNG,TAATACAAAGTGCNNGACACCGGTTGGGG
H5_ForPool,H5-for-mut296,NNG,CAAAGTGCCAGNNGCCGGTTGGGGC
H5_ForPool,H5-for-mut297,NNG,AAAGTGCCAGACANNGGTTGGGGCAATTAA
H5_ForPool,H5-for-mut298,NNG,GCCAGACACCGNNGGGGGCAATTAA
H5_ForPool,H5-for-mut299,NNG,CCAGACACCGGTTNNGGCAATTAACTCATC
H5_ForPool,H5-for-mut300,NNG,CAGACACCGGTTGGGNNGATTAACTCATCTATG
H5_ForPool,H5-for-mut301,NNG,CCGGTTGGGGCANNGAACTCATCTATGC
H5_ForPool,H5-for-mut302,NNG,GGTTGGGGCAATTNNGTCATCTATGCCCTT
H5_ForPool,H5-for-mut303,NNG,GTTGGGGCAATTAACNNGTCTATGCCCTTTCATA
H5_ForPool,H5-for-mut304,NNG,TTGGGGCAATTAACTCANNGATGCCCTTTCATAATATC
H5_ForPool,H5-for-mut305,NNG,GGGCAATTAACTCATCTNNGCCCTTTCATAATATCCAC
H5_ForPool,H5-for-mut306,NNG,GGGCAATTAACTCATCTATGNNGTTTCATAATATCCACCCATT
H5_ForPool,H5-for-mut307,NNG,TTAACTCATCTATGCCCNNGCATAATATCCACCCATT
H5_ForPool,H5-for-mut308,NNG,ACTCATCTATGCCCTTTNNGAATATCCACCCATTGAC
H5_ForPool,H5-for-mut309,NNG,ATCTATGCCCTTTCATNNGATCCACCCATTGACAAT
H5_ForPool,H5-for-mut310,NNG,TATGCCCTTTCATAATNNGCACCCATTGACAATCG
H5_ForPool,H5-for-mut311,NNG,CCCTTTCATAATATCNNGCCATTGACAATCGGTG
H5_ForPool,H5-for-mut312,NNG,CCTTTCATAATATCCACNNGTTGACAATCGGTGAGTG
H5_ForPool,H5-for-mut313,NNG,TCATAATATCCACCCANNGACAATCGGTGAGTGTC
H5_ForPool,H5-for-mut314,NNG,ATATCCACCCATTGNNGATCGGTGAGTGTCC
H5_ForPool,H5-for-mut315,NNG,CACCCATTGACANNGGGTGAGTGTCCAA
H5_ForPool,H5-for-mut316,NNG,CACCCATTGACAATCNNGGAGTGTCCAAAGTATG
H5_ForPool,H5-for-mut317,NNG,CCCATTGACAATCGGTNNGTGTCCAAAGTATGTTAA
H5_ForPool,H5-for-mut318,NNG,CATTGACAATCGGTGAGNNGCCAAAGTATGTTAAAAGC
H5_ForPool,H5-for-mut319,NNG,TGACAATCGGTGAGTGTNNGAAGTATGTTAAAAGCAA
H5_ForPool,H5-for-mut320,NNG,ACAATCGGTGAGTGTCCANNGTATGTTAAAAGCAATAAA
H5_ForPool,H5-for-mut321,NNG,CGGTGAGTGTCCAAAGNNGGTTAAAAGCAATAAACT
H5_ForPool,H5-for-mut322,NNG,GGTGAGTGTCCAAAGTATNNGAAAAGCAATAAACTGGTT
H5_ForPool,H5-for-mut323,NNG,AGTGTCCAAAGTATGTTNNGAGCAATAAACTGGTTCTG
H5_ForPool,H5-for-mut324,NNG,GTGTCCAAAGTATGTTAAANNGAATAAACTGGTTCTGGCAA
H5_ForPool,H5-for-mut325,NNG,CAAAGTATGTTAAAAGCNNGAAACTGGTTCTGGCAAC
H5_ForPool,H5-for-mut326,NNG,TATGTTAAAAGCAATNNGCTGGTTCTGGCAACG
H5_ForPool,H5-for-mut327,NNG,GTTAAAAGCAATAAANNGGTTCTGGCAACGGGC
H5_ForPool,H5-for-mut328,NNG,GCAATAAACTGNNGCTGGCAACGGG
H5_ForPool,H5-for-mut329,NNG,CAATAAACTGGTTNNGGCAACGGGCCTTAG
H5_ForPool,H5-for-mut330,NNG,ATAAACTGGTTCTGNNGACGGGCCTTAGGAA
H5_ForPool,H5-for-mut331,NNG,CTGGTTCTGGCANNGGGCCTTAGGAAC
H5_ForPool,H5-for-mut332,NNG,GTTCTGGCAACGNNGCTTAGGAACTCCC
H5_ForPool,H5-for-mut333,NNG,TGGCAACGGGCNNGAGGAACTCCCC
H5_ForPool,H5-for-mut334,NNG,CAACGGGCCTTNNGAACTCCCCACTC
H5_ForPool,H5-for-mut335,NNG,CGGGCCTTAGGNNGTCCCCACTCCG
H5_ForPool,H5-for-mut336,NNG,GCCTTAGGAACNNGCCACTCCGCGA
H5_ForPool,H5-for-mut337,NNG,CTTAGGAACTCCNNGCTCCGCGAGAAAA
H5_ForPool,H5-for-mut338,NNG,GGAACTCCCCANNGCGCGAGAAAAGA
H5_ForPool,H5-for-mut339,NNG,GGAACTCCCCACTCNNGGAGAAAAGAAGGAA
H5_ForPool,H5-for-mut340,NNG,TCCCCACTCCGCNNGAAAAGAAGGAAG
H5_ForPool,H5-for-mut341,NNG,CACTCCGCGAGNNGAGAAGGAAGCG
H5_ForPool,H5-for-mut342,NNG,TCCGCGAGAAANNGAGGAAGCGGGG
H5_ForPool,H5-for-mut343,NNG,GCGAGAAAAGANNGAAGCGGGGTCTC
H5_ForPool,H5-for-mut344,NNG,GAGAAAAGAAGGNNGCGGGGTCTCTTCG
H5_ForPool,H5-for-mut345,NNG,GAAAAGAAGGAAGNNGGGTCTCTTCGGTGC
H5_ForPool,H5-for-mut346,NNG,GAAGGAAGCGGNNGCTCTTCGGTGC
H5_ForPool,H5-for-mut347,NNG,GGAAGCGGGGTNNGTTCGGTGCTATT
H5_ForPool,H5-for-mut348,NNG,AGCGGGGTCTCNNGGGTGCTATTGC
H5_ForPool,H5-for-mut349,NNG,GGGGTCTCTTCNNGGCTATTGCCGG
H5_ForPool,H5-for-mut350,NNG,GTCTCTTCGGTNNGATTGCCGGCTTC
H5_ForPool,H5-for-mut351,NNG,TCTTCGGTGCTNNGGCCGGCTTCAT
H5_ForPool,H5-for-mut352,NNG,TCTTCGGTGCTATTNNGGGCTTCATTGAAGG
H5_ForPool,H5-for-mut353,NNG,CGGTGCTATTGCCNNGTTCATTGAAGGTG
H5_ForPool,H5-for-mut354,NNG,CTATTGCCGGCNNGATTGAAGGTGGG
H5_ForPool,H5-for-mut355,NNG,TTGCCGGCTTCNNGGAAGGTGGGTG
H5_ForPool,H5-for-mut356,NNG,CCGGCTTCATTNNGGGTGGGTGGCA
H5_ForPool,H5-for-mut357,NNG,GCTTCATTGAANNGGGGTGGCAAGGC
H5_ForPool,H5-for-mut358,NNG,CTTCATTGAAGGTNNGTGGCAAGGCATGG
H5_ForPool,H5-for-mut359,NNG,TTGAAGGTGGGNNGCAAGGCATGGT
H5_ForPool,H5-for-mut360,NNG,AAGGTGGGTGGNNGGGCATGGTGGA
H5_ForPool,H5-for-mut361,NNG,GTGGGTGGCAANNGATGGTGGACGG
H5_ForPool,H5-for-mut362,NNG,GGTGGCAAGGCNNGGTGGACGGCTG
H5_ForPool,H5-for-mut363,NNG,GGCAAGGCATGNNGGACGGCTGGTA
H5_ForPool,H5-for-mut364,NNG,AAGGCATGGTGNNGGGCTGGTACGG
H5_ForPool,H5-for-mut365,NNG,GCATGGTGGACNNGTGGTACGGCTAT
H5_ForPool,H5-for-mut366,NNG,TGGTGGACGGCNNGTACGGCTATCA
H5_ForPool,H5-for-mut367,NNG,TGGACGGCTGGNNGGGCTATCACCA
H5_ForPool,H5-for-mut368,NNG,GACGGCTGGTACNNGTATCACCACTCAA
H5_ForPool,H5-for-mut369,NNG,GCTGGTACGGCNNGCACCACTCAAA
H5_ForPool,H5-for-mut370,NNG,CTGGTACGGCTATNNGCACTCAAACGAACA
H5_ForPool,H5-for-mut371,NNG,GTACGGCTATCACNNGTCAAACGAACAAGG
H5_ForPool,H5-for-mut372,NNG,CGGCTATCACCACNNGAACGAACAAGGATC
H5_ForPool,H5-for-mut373,NNG,GCTATCACCACTCANNGGAACAAGGATCTGGA
H5_ForPool,H5-for-mut374,NNG,TATCACCACTCAAACNNGCAAGGATCTGGATAC
H5_ForPool,H5-for-mut375,NNG,CCACTCAAACGAANNGGGATCTGGATACGC
H5_ForPool,H5-for-mut376,NNG,CTCAAACGAACAANNGTCTGGATACGCCG
H5_ForPool,H5-for-mut377,NNG,ACGAACAAGGANNGGGATACGCCGC
H5_ForPool,H5-for-mut378,NNG,GAACAAGGATCTNNGTACGCCGCCGATA
H5_ForPool,H5-for-mut379,NNG,CAAGGATCTGGANNGGCCGCCGATAAG
H5_ForPool,H5-for-mut380,NNG,CAAGGATCTGGATACNNGGCCGATAAGGAAAGTA
H5_ForPool,H5-for-mut381,NNG,GGATCTGGATACGCCNNGGATAAGGAAAGTACA
H5_ForPool,H5-for-mut382,NNG,GGATACGCCGCCNNGAAGGAAAGTACA
H5_ForPool,H5-for-mut383,NNG,TACGCCGCCGATNNGGAAAGTACACAG
H5_ForPool,H5-for-mut384,NNG,CGCCGCCGATAAGNNGAGTACACAGAAAG
H5_ForPool,H5-for-mut385,NNG,CGCCGATAAGGAANNGACACAGAAAGCCAT
H5_ForPool,H5-for-mut386,NNG,CCGATAAGGAAAGTNNGCAGAAAGCCATTGAC
H5_ForPool,H5-for-mut387,NNG,GATAAGGAAAGTACANNGAAAGCCATTGACGGCG
H5_ForPool,H5-for-mut388,NNG,GAAAGTACACAGNNGGCCATTGACGGC
H5_ForPool,H5-for-mut389,NNG,GAAAGTACACAGAAANNGATTGACGGCGTCACAA
H5_ForPool,H5-for-mut390,NNG,CACAGAAAGCCNNGGACGGCGTCAC
H5_ForPool,H5-for-mut391,NNG,CAGAAAGCCATTNNGGGCGTCACAAACA
H5_ForPool,H5-for-mut392,NNG,CAGAAAGCCATTGACNNGGTCACAAACAAAGTG
H5_ForPool,H5-for-mut393,NNG,GCCATTGACGGCNNGACAAACAAAGTGA
H5_ForPool,H5-for-mut394,NNG,CCATTGACGGCGTCNNGAACAAAGTGAATAG
H5_ForPool,H5-for-mut395,NNG,CATTGACGGCGTCACANNGAAAGTGAATAGCATAAT
H5_ForPool,H5-for-mut396,NNG,ACGGCGTCACAAACNNGGTGAATAGCATAAT
H5_ForPool,H5-for-mut397,NNG,ACGGCGTCACAAACAAANNGAATAGCATAATCGATAA
H5_ForPool,H5-for-mut398,NNG,GCGTCACAAACAAAGTGNNGAGCATAATCGATAAGAT
H5_ForPool,H5-for-mut399,NNG,GCGTCACAAACAAAGTGAATNNGATAATCGATAAGATGAATACA
H5_ForPool,H5-for-mut400,NNG,CACAAACAAAGTGAATAGCNNGATCGATAAGATGAATACACA
H5_ForPool,H5-for-mut401,NNG,ACAAACAAAGTGAATAGCATANNGGATAAGATGAATACACAGTTCG
H5_ForPool,H5-for-mut402,NNG,CAAAGTGAATAGCATAATCNNGAAGATGAATACACAGTTCGA
H5_ForPool,H5-for-mut403,NNG,AGTGAATAGCATAATCGATNNGATGAATACACAGTTCGAAGC
H5_ForPool,H5-for-mut404,NNG,AATAGCATAATCGATAAGNNGAATACACAGTTCGAAGCCG
H5_ForPool,H5-for-mut405,NNG,CATAATCGATAAGATGNNGACACAGTTCGAAGCCG
H5_ForPool,H5-for-mut406,NNG,ATCGATAAGATGAATNNGCAGTTCGAAGCCGTC
H5_ForPool,H5-for-mut407,NNG,GATAAGATGAATACANNGTTCGAAGCCGTCGGG
H5_ForPool,H5-for-mut408,NNG,ATGAATACACAGNNGGAAGCCGTCGGGA
H5_ForPool,H5-for-mut409,NNG,ATACACAGTTCNNGGCCGTCGGGAG
H5_ForPool,H5-for-mut410,NNG,TGAATACACAGTTCGAANNGGTCGGGAGAGAATTTAA
H5_ForPool,H5-for-mut411,NNG,CACAGTTCGAAGCCNNGGGGAGAGAATTTAAC
H5_ForPool,H5-for-mut412,NNG,ACAGTTCGAAGCCGTCNNGAGAGAATTTAACAATC
H5_ForPool,H5-for-mut413,NNG,CGAAGCCGTCGGGNNGGAATTTAACAATCT
H5_ForPool,H5-for-mut414,NNG,AAGCCGTCGGGAGANNGTTTAACAATCTCGA
H5_ForPool,H5-for-mut415,NNG,CGTCGGGAGAGAANNGAACAATCTCGAGAG
H5_ForPool,H5-for-mut416,NNG,TCGGGAGAGAATTTNNGAATCTCGAGAGACG
H5_ForPool,H5-for-mut417,NNG,GGAGAGAATTTAACNNGCTCGAGAGACGCATT
H5_ForPool,H5-for-mut418,NNG,GGGAGAGAATTTAACAATNNGGAGAGACGCATTGAAAAC
H5_ForPool,H5-for-mut419,NNG,AGAGAATTTAACAATCTCNNGAGACGCATTGAAAACCTT
H5_ForPool,H5-for-mut420,NNG,AGAATTTAACAATCTCGAGNNGCGCATTGAAAACCTTAATA
H5_ForPool,H5-for-mut421,NNG,AGAGAATTTAACAATCTCGAGAGANNGATTGAAAACCTTAATAAGAAGATG
H5_ForPool,H5-for-mut422,NNG,ACAATCTCGAGAGACGCNNGGAAAACCTTAATAAGAA
H5_ForPool,H5-for-mut423,NNG,AATCTCGAGAGACGCATTNNGAACCTTAATAAGAAGATGG
H5_ForPool,H5-for-mut424,NNG,TCGAGAGACGCATTGAANNGCTTAATAAGAAGATGGA
H5_ForPool,H5-for-mut425,NNG,GAGAGACGCATTGAAAACNNGAATAAGAAGATGGAAGAT
H5_ForPool,H5-for-mut426,NNG,ACGCATTGAAAACCTTNNGAAGAAGATGGAAGATGG
H5_ForPool,H5-for-mut427,NNG,CGCATTGAAAACCTTAATNNGAAGATGGAAGATGGCTTT
H5_ForPool,H5-for-mut428,NNG,ATTGAAAACCTTAATAAGNNGATGGAAGATGGCTTTCTGG
H5_ForPool,H5-for-mut429,NNG,GAAAACCTTAATAAGAAGNNGGAAGATGGCTTTCTGGAC
H5_ForPool,H5-for-mut430,NNG,CCTTAATAAGAAGATGNNGGATGGCTTTCTGGACGT
H5_ForPool,H5-for-mut431,NNG,TTAATAAGAAGATGGAANNGGGCTTTCTGGACGTTTG
H5_ForPool,H5-for-mut432,NNG,ATAAGAAGATGGAAGATNNGTTTCTGGACGTTTGGACT
H5_ForPool,H5-for-mut433,NNG,TGGAAGATGGCNNGCTGGACGTTTG
H5_ForPool,H5-for-mut434,NNG,ATGGAAGATGGCTTTNNGGACGTTTGGACTTAC
H5_ForPool,H5-for-mut435,NNG,GAAGATGGCTTTCTGNNGGTTTGGACTTACAAC
H5_ForPool,H5-for-mut436,NNG,TGGCTTTCTGGACNNGTGGACTTACAACG
H5_ForPool,H5-for-mut437,NNG,CTTTCTGGACGTTNNGACTTACAACGCGGA
H5_ForPool,H5-for-mut438,NNG,TGGACGTTTGGNNGTACAACGCGGAG
H5_ForPool,H5-for-mut439,NNG,GACGTTTGGACTNNGAACGCGGAGTTG
H5_ForPool,H5-for-mut440,NNG,GTTTGGACTTACNNGGCGGAGTTGCTG
H5_ForPool,H5-for-mut441,NNG,TTGGACTTACAACNNGGAGTTGCTGGTGC
H5_ForPool,H5-for-mut442,NNG,CTTACAACGCGNNGTTGCTGGTGCTG
H5_ForPool,H5-for-mut443,NNG,ACAACGCGGAGNNGCTGGTGCTGAT
H5_ForPool,H5-for-mut444,NNG,ACGCGGAGTTGNNGGTGCTGATGGA
H5_ForPool,H5-for-mut445,NNG,GCGGAGTTGCTGNNGCTGATGGAGAAT
H5_ForPool,H5-for-mut446,NNG,GGAGTTGCTGGTGNNGATGGAGAATGAACG
H5_ForPool,H5-for-mut447,NNG,TGCTGGTGCTGNNGGAGAATGAACG
H5_ForPool,H5-for-mut448,NNG,CTGGTGCTGATGNNGAATGAACGCACAT
H5_ForPool,H5-for-mut449,NNG,GGTGCTGATGGAGNNGGAACGCACATTAG
H5_ForPool,H5-for-mut450,NNG,GTGCTGATGGAGAATNNGCGCACATTAGACTTT
H5_ForPool,H5-for-mut451,NNG,TGCTGATGGAGAATGAANNGACATTAGACTTTCACGA
H5_ForPool,H5-for-mut452,NNG,ATGGAGAATGAACGCNNGTTAGACTTTCACGAC
H5_ForPool,H5-for-mut453,NNG,AGAATGAACGCACANNGGACTTTCACGACAG
H5_ForPool,H5-for-mut454,NNG,GAATGAACGCACATTANNGTTTCACGACAGTAACGT
H5_ForPool,H5-for-mut455,NNG,CGCACATTAGACNNGCACGACAGTAACG
H5_ForPool,H5-for-mut456,NNG,AACGCACATTAGACTTTNNGGACAGTAACGTTAAGAAT
H5_ForPool,H5-for-mut457,NNG,CGCACATTAGACTTTCACNNGAGTAACGTTAAGAATCTG
H5_ForPool,H5-for-mut458,NNG,CACATTAGACTTTCACGACNNGAACGTTAAGAATCTGTATG
H5_ForPool,H5-for-mut459,NNG,ACATTAGACTTTCACGACAGTNNGGTTAAGAATCTGTATGATAAG
H5_ForPool,H5-for-mut460,NNG,AGACTTTCACGACAGTAACNNGAAGAATCTGTATGATAAGG
H5_ForPool,H5-for-mut461,NNG,TTTCACGACAGTAACGTTNNGAATCTGTATGATAAGGTGC
H5_ForPool,H5-for-mut462,NNG,CGACAGTAACGTTAAGNNGCTGTATGATAAGGTGC
H5_ForPool,H5-for-mut463,NNG,ACAGTAACGTTAAGAATNNGTATGATAAGGTGCGCCT
H5_ForPool,H5-for-mut464,NNG,CGTTAAGAATCTGNNGGATAAGGTGCGCCT
H5_ForPool,H5-for-mut465,NNG,GTTAAGAATCTGTATNNGAAGGTGCGCCTGCAA
H5_ForPool,H5-for-mut466,NNG,GAATCTGTATGATNNGGTGCGCCTGCAACT
H5_ForPool,H5-for-mut467,NNG,TCTGTATGATAAGNNGCGCCTGCAACTCC
H5_ForPool,H5-for-mut468,NNG,TGTATGATAAGGTGNNGCTGCAACTCCGAGA
H5_ForPool,H5-for-mut469,NNG,ATAAGGTGCGCNNGCAACTCCGAGA
H5_ForPool,H5-for-mut470,NNG,AGGTGCGCCTGNNGCTCCGAGACAA
H5_ForPool,H5-for-mut471,NNG,TGCGCCTGCAANNGCGAGACAACGC
H5_ForPool,H5-for-mut472,NNG,GCCTGCAACTCNNGGACAACGCCAA
H5_ForPool,H5-for-mut473,NNG,CTGCAACTCCGANNGAACGCCAAAGAAC
H5_ForPool,H5-for-mut474,NNG,CAACTCCGAGACNNGGCCAAAGAACTTG
H5_ForPool,H5-for-mut475,NNG,CAACTCCGAGACAACNNGAAAGAACTTGGAAATG
H5_ForPool,H5-for-mut476,NNG,CGAGACAACGCCNNGGAACTTGGAAATG
H5_ForPool,H5-for-mut477,NNG,AGACAACGCCAAANNGCTTGGAAATGGGT
H5_ForPool,H5-for-mut478,NNG,AACGCCAAAGAANNGGGAAATGGGTGCT
H5_ForPool,H5-for-mut479,NNG,CGCCAAAGAACTTNNGAATGGGTGCTTTGA
H5_ForPool,H5-for-mut480,NNG,CCAAAGAACTTGGANNGGGGTGCTTTGAGTTT
H5_ForPool,H5-for-mut481,NNG,GCCAAAGAACTTGGAAATNNGTGCTTTGAGTTTTACCAT
H5_ForPool,H5-for-mut482,NNG,AAAGAACTTGGAAATGGGNNGTTTGAGTTTTACCATAAGT
H5_ForPool,H5-for-mut483,NNG,CTTGGAAATGGGTGCNNGGAGTTTTACCATAAGT
H5_ForPool,H5-for-mut484,NNG,GGAAATGGGTGCTTTNNGTTTTACCATAAGTGCG
H5_ForPool,H5-for-mut485,NNG,TGGGTGCTTTGAGNNGTACCATAAGTGCG
H5_ForPool,H5-for-mut486,NNG,GGTGCTTTGAGTTTNNGCATAAGTGCGACAAC
H5_ForPool,H5-for-mut487,NNG,GCTTTGAGTTTTACNNGAAGTGCGACAACGAG
H5_ForPool,H5-for-mut488,NNG,TTGAGTTTTACCATNNGTGCGACAACGAGTG
H5_ForPool,H5-for-mut489,NNG,GAGTTTTACCATAAGNNGGACAACGAGTGCATGG
H5_ForPool,H5-for-mut490,NNG,TTTTACCATAAGTGCNNGAACGAGTGCATGGAG
H5_ForPool,H5-for-mut491,NNG,CATAAGTGCGACNNGGAGTGCATGGAGT
H5_ForPool,H5-for-mut492,NNG,AGTGCGACAACNNGTGCATGGAGTC
H5_ForPool,H5-for-mut493,NNG,GCGACAACGAGNNGATGGAGTCCGTT
H5_ForPool,H5-for-mut494,NNG,GACAACGAGTGCNNGGAGTCCGTTAGG
H5_ForPool,H5-for-mut495,NNG,AACGAGTGCATGNNGTCCGTTAGGAACG
H5_ForPool,H5-for-mut496,NNG,GAGTGCATGGAGNNGGTTAGGAACGGC
H5_ForPool,H5-for-mut497,NNG,GCATGGAGTCCNNGAGGAACGGCAC
H5_ForPool,H5-for-mut498,NNG,ATGGAGTCCGTTNNGAACGGCACCTAC
H5_ForPool,H5-for-mut499,NNG,GAGTCCGTTAGGNNGGGCACCTACGATT
H5_ForPool,H5-for-mut500,NNG,GAGTCCGTTAGGAACNNGACCTACGATTATCCAC
H5_ForPool,H5-for-mut501,NNG,CGTTAGGAACGGCNNGTACGATTATCCACA
H5_ForPool,H5-for-mut502,NNG,GTTAGGAACGGCACCNNGGATTATCCACAATAC
H5_ForPool,H5-for-mut503,NNG,GGAACGGCACCTACNNGTATCCACAATACTCT
H5_ForPool,H5-for-mut504,NNG,CGGCACCTACGATNNGCCACAATACTCTG
H5_ForPool,H5-for-mut505,NNG,GGCACCTACGATTATNNGCAATACTCTGAAGAGG
H5_ForPool,H5-for-mut506,NNG,ACCTACGATTATCCANNGTACTCTGAAGAGGCG
H5_ForPool,H5-for-mut507,NNG,CGATTATCCACAANNGTCTGAAGAGGCGCG
H5_ForPool,H5-for-mut508,NNG,TATCCACAATACNNGGAAGAGGCGCGG
H5_ForPool,H5-for-mut509,NNG,CACAATACTCTNNGGAGGCGCGGCT
H5_ForPool,H5-for-mut510,NNG,CAATACTCTGAANNGGCGCGGCTGAAG
H5_ForPool,H5-for-mut511,NNG,ACTCTGAAGAGNNGCGGCTGAAGCG
H5_ForPool,H5-for-mut512,NNG,CTGAAGAGGCGNNGCTGAAGCGCGA
H5_ForPool,H5-for-mut513,NNG,AAGAGGCGCGGNNGAAGCGCGAGGA
H5_ForPool,H5-for-mut514,NNG,AGGCGCGGCTGNNGCGCGAGGAGAT
H5_ForPool,H5-for-mut515,NNG,CGCGGCTGAAGNNGGAGGAGATTTCC
H5_ForPool,H5-for-mut516,NNG,GGCTGAAGCGCNNGGAGATTTCCGG
H5_ForPool,H5-for-mut517,NNG,TGAAGCGCGAGNNGATTTCCGGGGT
H5_ForPool,H5-for-mut518,NNG,AGCGCGAGGAGNNGTCCGGGGTTAA
H5_ForPool,H5-for-mut519,NNG,CGCGAGGAGATTNNGGGGGTTAAGCTG
H5_ForPool,H5-for-mut520,NNG,CGAGGAGATTTCCNNGGTTAAGCTGGAGTC
H5_ForPool,H5-for-mut521,NNG,GAGATTTCCGGGNNGAAGCTGGAGTCC
H5_ForPool,H5-for-mut522,NNG,TTTCCGGGGTTNNGCTGGAGTCCGT
H5_ForPool,H5-for-mut523,NNG,CCGGGGTTAAGNNGGAGTCCGTTGG
H5_ForPool,H5-for-mut524,NNG,GGGTTAAGCTGNNGTCCGTTGGCACA
H5_ForPool,H5-for-mut525,NNG,GGTTAAGCTGGAGNNGGTTGGCACATATCA
H5_ForPool,H5-for-mut526,NNG,GTTAAGCTGGAGTCCNNGGGCACATATCAAATTC
H5_ForPool,H5-for-mut527,NNG,GGTTAAGCTGGAGTCCGTTNNGACATATCAAATTCTTAGTA
H5_ForPool,H5-for-mut528,NNG,CTGGAGTCCGTTGGCNNGTATCAAATTCTTAGTA
H5_ForPool,H5-for-mut529,NNG,TGGAGTCCGTTGGCACANNGCAAATTCTTAGTATATA
H5_ForPool,H5-for-mut530,NNG,GGAGTCCGTTGGCACATATNNGATTCTTAGTATATACTCCA
H5_ForPool,H5-for-mut531,NNG,CCGTTGGCACATATCAANNGCTTAGTATATACTCCACC
H5_ForPool,H5-for-mut532,NNG,TTGGCACATATCAAATTNNGAGTATATACTCCACCGCA
H5_ForPool,H5-for-mut533,NNG,GCACATATCAAATTCTTNNGATATACTCCACCGCAGC
H5_ForPool,H5-for-mut534,NNG,ATATCAAATTCTTAGTNNGTACTCCACCGCAGCCA
H5_ForPool,H5-for-mut535,NNG,CAAATTCTTAGTATANNGTCCACCGCAGCCAGC
H5_ForPool,H5-for-mut536,NNG,TTCTTAGTATATACNNGACCGCAGCCAGCAG
H5_ForPool,H5-for-mut537,NNG,TAGTATATACTCCNNGGCAGCCAGCAGCC
H5_ForPool,H5-for-mut538,NNG,TATACTCCACCNNGGCCAGCAGCCT
H5_ForPool,H5-for-mut539,NNG,ACTCCACCGCANNGAGCAGCCTCGC
H5_ForPool,H5-for-mut540,NNG,CCACCGCAGCCNNGAGCCTCGCGCT
H5_ForPool,H5-for-mut541,NNG,CCGCAGCCAGCNNGCTCGCGCTCGC
H5_ForPool,H5-for-mut542,NNG,CAGCCAGCAGCNNGGCGCTCGCCAT
H5_ForPool,H5-for-mut543,NNG,CCAGCAGCCTCNNGCTCGCCATAAT
H5_ForPool,H5-for-mut544,NNG,GCAGCCTCGCGNNGGCCATAATGAT
H5_ForPool,H5-for-mut545,NNG,GCCTCGCGCTCNNGATAATGATGGC
H5_ForPool,H5-for-mut546,NNG,TCGCGCTCGCCNNGATGATGGCCGG
H5_ForPool,H5-for-mut547,NNG,CGCTCGCCATANNGATGGCCGGACT
H5_ForPool,H5-for-mut548,NNG,TCGCCATAATGNNGGCCGGACTGAG
H5_ForPool,H5-for-mut549,NNG,GCCATAATGATGNNGGGACTGAGCCTCT
H5_ForPool,H5-for-mut550,NNG,ATAATGATGGCCNNGCTGAGCCTCTGG
H5_ForPool,H5-for-mut551,NNG,TGATGGCCGGANNGAGCCTCTGGAT
H5_ForPool,H5-for-mut552,NNG,TGGCCGGACTGNNGCTCTGGATGTG
H5_ForPool,H5-for-mut553,NNG,CCGGACTGAGCNNGTGGATGTGTAGC
H5_ForPool,H5-for-mut554,NNG,GGACTGAGCCTCNNGATGTGTAGCAACG
H5_ForPool,H5-for-mut555,NNG,TGAGCCTCTGGNNGTGTAGCAACGG
H5_ForPool,H5-for-mut556,NNG,GCCTCTGGATGNNGAGCAACGGTTC
H5_ForPool,H5-for-mut557,NNG,CTCTGGATGTGTNNGAACGGTTCCTTGC
H5_ForPool,H5-for-mut558,NNG,CTGGATGTGTAGCNNGGGTTCCTTGCAAT
H5_ForPool,H5-for-mut559,NNG,GATGTGTAGCAACNNGTCCTTGCAATGTCG
H5_ForPool,H5-for-mut560,NNG,TGTAGCAACGGTNNGTTGCAATGTCGC
H5_ForPool,H5-for-mut561,NNG,GCAACGGTTCCNNGCAATGTCGCAT
H5_ForPool,H5-for-mut562,NNG,CAACGGTTCCTTGNNGTGTCGCATTTGTAT
H5_ForPool,H5-for-mut563,NNG,AACGGTTCCTTGCAANNGCGCATTTGTATCtaat
H5_ForPool,H5-for-mut564,NNG,ACGGTTCCTTGCAATGTNNGATTTGTATCtaataggc
H5_ForPool,H5-for-mut565,NNG,CCTTGCAATGTCGCNNGTGTATCtaataggc
H5_ForPool,H5-for-mut566,NNG,GCAATGTCGCATTNNGATCtaataggcgcg
H5_ForPool,H5-for-mut567,NNG,TGTCGCATTTGTNNGtaataggcgcgc
H5_RevPool,H5-rev-mut1,NNG,CACGATATTTTCCNNggtggcacgcg
H5_RevPool,H5-rev-mut2,NNG,AAAGCACGATATTCNNCATggtggcacg
H5_RevPool,H5-rev-mut3,NNG,GCAAAAGCACGATCNNTTCCATggtggc
H5_RevPool,H5-rev-mut4,NNG,CGAGCAAAAGCACCNNATTTTCCATggtg
H5_RevPool,H5-rev-mut5,NNG,AATGGCGAGCAAAAGCNNGATATTTTCCATgg
H5_RevPool,H5-rev-mut6,NNG,ACAATGGCGAGCAACNNCACGATATTTTCCA
H5_RevPool,H5-rev-mut7,NNG,GACACAATGGCGAGCNNAAGCACGATATTTT
H5_RevPool,H5-rev-mut8,NNG,GAGTGACACAATGGCCNNCAAAAGCACGATAT
H5_RevPool,H5-rev-mut9,NNG,CGAGTGACACAATCNNGAGCAAAAGCACG
H5_RevPool,H5-rev-mut10,NNG,ACGAGTGACACCNNGGCGAGCAAAA
H5_RevPool,H5-rev-mut11,NNG,ACTTCACGAGTGACNNAATGGCGAGCAAA
H5_RevPool,H5-rev-mut12,NNG,GGACTTCACGAGCNNCACAATGGCGA
H5_RevPool,H5-rev-mut13,NNG,GTCGGACTTCACCNNTGACACAATGGC
H5_RevPool,H5-rev-mut14,NNG,GATTTGGTCGGACTTCNNGAGTGACACAATGG
H5_RevPool,H5-rev-mut15,NNG,AGATTTGGTCGGACNNCACGAGTGACAC
H5_RevPool,H5-rev-mut16,NNG,GATACAGATTTGGTCCNNCTTCACGAGTGACAC
H5_RevPool,H5-rev-mut17,NNG,CCGATACAGATTTGCNNGGACTTCACGAGTG
H5_RevPool,H5-rev-mut18,NNG,TACCCGATACAGATCNNGTCGGACTTCACG
H5_RevPool,H5-rev-mut19,NNG,GTGATACCCGATACACNNTTGGTCGGACTTCA
H5_RevPool,H5-rev-mut20,NNG,CGTGATACCCGATCNNGATTTGGTCGGAC
H5_RevPool,H5-rev-mut21,NNG,TGGCGTGATACCCCNNACAGATTTGGTC
H5_RevPool,H5-rev-mut22,NNG,GAGTTATTGGCGTGATACNNGATACAGATTTGGTCG
H5_RevPool,H5-rev-mut23,NNG,GAGTTATTGGCGTGCNNCCCGATACAGATTT
H5_RevPool,H5-rev-mut24,NNG,TTCAGTAGAGTTATTGGCCNNATACCCGATACAGATTTG
H5_RevPool,H5-rev-mut25,NNG,CCTGTTCAGTAGAGTTATTCNNGTGATACCCGATACAGAT
H5_RevPool,H5-rev-mut26,NNG,GTTCAGTAGAGTTCNNGGCGTGATACCCG
H5_RevPool,H5-rev-mut27,NNG,CACCTGTTCAGTAGACNNATTGGCGTGATACC
H5_RevPool,H5-rev-mut28,NNG,TATCCACCTGTTCAGTCNNGTTATTGGCGTGATA
H5_RevPool,H5-rev-mut29,NNG,GTATCCACCTGTTCCNNAGAGTTATTGGCGT
H5_RevPool,H5-rev-mut30,NNG,ATAATGGTATCCACCTGCNNAGTAGAGTTATTGGCG
H5_RevPool,H5-rev-mut31,NNG,CTCCATAATGGTATCCACCNNTTCAGTAGAGTTATTGGC
H5_RevPool,H5-rev-mut32,NNG,TTCTTCTCCATAATGGTATCCNNCTGTTCAGTAGAGTTATTGG
H5_RevPool,H5-rev-mut33,NNG,TTCTTCTCCATAATGGTCNNCACCTGTTCAGTAGAGT
H5_RevPool,H5-rev-mut34,NNG,CACATTCTTCTCCATAATCNNATCCACCTGTTCAGTAGA
H5_RevPool,H5-rev-mut35,NNG,TCACATTCTTCTCCATCNNGGTATCCACCTGTTC
H5_RevPool,H5-rev-mut36,NNG,GGTCACATTCTTCTCCNNAATGGTATCCACCTG
H5_RevPool,H5-rev-mut37,NNG,TCACGGTCACATTCTTCNNCATAATGGTATCCACC
H5_RevPool,H5-rev-mut38,NNG,GGTCACGGTCACATTCNNCTCCATAATGGTATC
H5_RevPool,H5-rev-mut39,NNG,GGGTCACGGTCACCNNCTTCTCCATAATG
H5_RevPool,H5-rev-mut40,NNG,CGTGGGTCACGGTCNNATTCTTCTCCATA
H5_RevPool,H5-rev-mut41,NNG,CGCGTGGGTCACCNNCACATTCTTCT
H5_RevPool,H5-rev-mut42,NNG,TGCGCGTGGGTCNNGGTCACATTCT
H5_RevPool,H5-rev-mut43,NNG,TCCTGCGCGTGCNNCACGGTCACAT
H5_RevPool,H5-rev-mut44,NNG,ATATCCTGCGCCNNGGTCACGGTCA
H5_RevPool,H5-rev-mut45,NNG,TCTAAAATATCCTGCNNGTGGGTCACGGTCA
H5_RevPool,H5-rev-mut46,NNG,TTCTCTAAAATATCCNNCGCGTGGGTCACG
H5_RevPool,H5-rev-mut47,NNG,GTCTTCTCTAAAATCNNCTGCGCGTGGGTC
H5_RevPool,H5-rev-mut48,NNG,GAGTCTTCTCTAACNNATCCTGCGCGTGG
H5_RevPool,H5-rev-mut49,NNG,CATTATGAGTCTTCTCCNNAATATCCTGCGCGTG
H5_RevPool,H5-rev-mut50,NNG,TTGCCATTATGAGTCTTCNNTAAAATATCCTGCGCG
H5_RevPool,H5-rev-mut51,NNG,TAATTTGCCATTATGAGTCNNCTCTAAAATATCCTGCGC
H5_RevPool,H5-rev-mut52,NNG,CGCATAATTTGCCATTATGCNNCTTCTCTAAAATATCCTGC
H5_RevPool,H5-rev-mut53,NNG,AGTCGCATAATTTGCCATTCNNAGTCTTCTCTAAAATATCC
H5_RevPool,H5-rev-mut54,NNG,CAAGTCGCATAATTTGCCCNNATGAGTCTTCTCTAAAA
H5_RevPool,H5-rev-mut55,NNG,CCGTTCAAGTCGCATAATTTCNNATTATGAGTCTTCTCTAAAA
H5_RevPool,H5-rev-mut56,NNG,CGTTCAAGTCGCATAACNNGCCATTATGAGTCTT
H5_RevPool,H5-rev-mut57,NNG,CCGTTCAAGTCGCACNNTTTGCCATTATGAG
H5_RevPool,H5-rev-mut58,NNG,TTAACGCCGTTCAAGTCCNNTAATTTGCCATTATGAG
H5_RevPool,H5-rev-mut59,NNG,GTTTAACGCCGTTCAACNNGCATAATTTGCCATTA
H5_RevPool,H5-rev-mut60,NNG,GGTTTAACGCCGTTCNNGTCGCATAATTTG
H5_RevPool,H5-rev-mut61,NNG,GGGGTTTAACGCCCNNCAAGTCGCATAAT
H5_RevPool,H5-rev-mut62,NNG,AGTATGAGGGGTTTAACCNNGTTCAAGTCGCATAATT
H5_RevPool,H5-rev-mut63,NNG,GTATGAGGGGTTTCNNGCCGTTCAAGTC
H5_RevPool,H5-rev-mut64,NNG,GAGTATGAGGGGCNNAACGCCGTTCAA
H5_RevPool,H5-rev-mut65,NNG,AGTCTTTGAGTATGAGCNNTTTAACGCCGTTCAAG
H5_RevPool,H5-rev-mut66,NNG,CAGTCTTTGAGTATCNNGGGTTTAACGCCGT
H5_RevPool,H5-rev-mut67,NNG,AGCAGTCTTTGAGCNNGAGGGGTTTAACG
H5_RevPool,H5-rev-mut68,NNG,CCACAGAGCAGTCTTTCNNTATGAGGGGTTTAAC
H5_RevPool,H5-rev-mut69,NNG,CACAGAGCAGTCCNNGAGTATGAGGGG
H5_RevPool,H5-rev-mut70,NNG,CCTGCCACAGAGCACNNTTTGAGTATGAGG
H5_RevPool,H5-rev-mut71,NNG,CAACCTGCCACAGACNNGTCTTTGAGTATGA
H5_RevPool,H5-rev-mut72,NNG,CAACCTGCCACCNNGCAGTCTTTGA
H5_RevPool,H5-rev-mut73,NNG,CAGCCAACCTGCCNNAGAGCAGTCTTT
H5_RevPool,H5-rev-mut74,NNG,AGCAGCCAACCCNNCACAGAGCAGT
H5_RevPool,H5-rev-mut75,NNG,CCCAGCAGCCACNNTGCCACAGAGC
H5_RevPool,H5-rev-mut76,NNG,TTGCCCAGCAGCNNACCTGCCACAG
H5_RevPool,H5-rev-mut77,NNG,GGATTGCCCAGCNNCCAACCTGCCA
H5_RevPool,H5-rev-mut78,NNG,ATGGGATTGCCCNNCAGCCAACCTG
H5_RevPool,H5-rev-mut79,NNG,ACACATGGGATTCNNCAGCAGCCAACC
H5_RevPool,H5-rev-mut80,NNG,TCACACATGGGCNNGCCCAGCAGCC
H5_RevPool,H5-rev-mut81,NNG,ACTCATCACACATCNNATTGCCCAGCAG
H5_RevPool,H5-rev-mut82,NNG,ATAAACTCATCACACNNGGGATTGCCCAGC
H5_RevPool,H5-rev-mut83,NNG,CGAATAAACTCATCCNNCATGGGATTGCCCA
H5_RevPool,H5-rev-mut84,NNG,TACCCGAATAAACTCCNNACACATGGGATTGC
H5_RevPool,H5-rev-mut85,NNG,CAGGTACCCGAATAAACNNATCACACATGGGATTG
H5_RevPool,H5-rev-mut86,NNG,TCAGGTACCCGAATCNNCTCATCACACATGG
H5_RevPool,H5-rev-mut87,NNG,CACTCAGGTACCCGCNNAAACTCATCACAC
H5_RevPool,H5-rev-mut88,NNG,TAACTCCACTCAGGTACCNNAATAAACTCATCACACA
H5_RevPool,H5-rev-mut89,NNG,ATATAACTCCACTCAGGCNNCCGAATAAACTCATCAC
H5_RevPool,H5-rev-mut90,NNG,CAACAATATAACTCCACTCCNNTACCCGAATAAACTCATCA
H5_RevPool,H5-rev-mut91,NNG,TTTCAACAATATAACTCCACNNAGGTACCCGAATAAACTCA
H5_RevPool,H5-rev-mut92,NNG,GCTCTTTCAACAATATAACTCNNCTCAGGTACCCGAATAAAC
H5_RevPool,H5-rev-mut93,NNG,CTCTTTCAACAATATACNNCCACTCAGGTACCCGA
H5_RevPool,H5-rev-mut94,NNG,GGCTCTTTCAACAATCNNACTCCACTCAGGTAC
H5_RevPool,H5-rev-mut95,NNG,GATTGGCTCTTTCAACCNNATAACTCCACTCAGG
H5_RevPool,H5-rev-mut96,NNG,CGGGATTGGCTCTTTCCNNAATATAACTCCACTCA
H5_RevPool,H5-rev-mut97,NNG,CGCGGGATTGGCTCTCNNAACAATATAACTCC
H5_RevPool,H5-rev-mut98,NNG,GTTCGCGGGATTGGCCNNTTCAACAATATAACT
H5_RevPool,H5-rev-mut99,NNG,ATAAATCGTTCGCGGGATTCNNTCTTTCAACAATATAACTC
H5_RevPool,H5-rev-mut100,NNG,TCGTTCGCGGGCNNGGCTCTTTCAA
H5_RevPool,H5-rev-mut101,NNG,GCATAAATCGTTCGCCNNATTGGCTCTTTCAAC
H5_RevPool,H5-rev-mut102,NNG,GATAGCATAAATCGTTCNNGGGATTGGCTCTTTCA
H5_RevPool,H5-rev-mut103,NNG,GATAGCATAAATCCNNCGCGGGATTGGCT
H5_RevPool,H5-rev-mut104,NNG,CGGGATAGCATAACNNGTTCGCGGGATT
H5_RevPool,H5-rev-mut105,NNG,CCGGGATAGCACNNATCGTTCGCGG
H5_RevPool,H5-rev-mut106,NNG,GACTGCCGGGATACNNTAAATCGTTCGC
H5_RevPool,H5-rev-mut107,NNG,TAAGACTGCCGGGCNNGCATAAATCGTT
H5_RevPool,H5-rev-mut108,NNG,TAATCGTTAAGACTGCCCNNATAGCATAAATCGTTCG
H5_RevPool,H5-rev-mut109,NNG,TCGTAATCGTTAAGACTCNNGGGATAGCATAAATCGT
H5_RevPool,H5-rev-mut110,NNG,CGTAATCGTTAAGCNNGCCGGGATAGCAT
H5_RevPool,H5-rev-mut111,NNG,TCCTCGTAATCGTTCNNACTGCCGGGATAG
H5_RevPool,H5-rev-mut112,NNG,CTCCTCGTAATCCNNAAGACTGCCGGG
H5_RevPool,H5-rev-mut113,NNG,CTTTAACTCCTCGTACNNGTTAAGACTGCCGG
H5_RevPool,H5-rev-mut114,NNG,GTGCTTTAACTCCTCCNNATCGTTAAGACTGCC
H5_RevPool,H5-rev-mut115,NNG,AGCATGTGCTTTAACTCCNNGTAATCGTTAAGACTG
H5_RevPool,H5-rev-mut116,NNG,GACAGCATGTGCTTTAACNNCTCGTAATCGTTAAGAC
H5_RevPool,H5-rev-mut117,NNG,GACAGCATGTGCTTCNNCTCCTCGTAATCG
H5_RevPool,H5-rev-mut118,NNG,CCTTGACAGCATGTGCNNTAACTCCTCGTAATC
H5_RevPool,H5-rev-mut119,NNG,TTGATCCTTGACAGCATCNNCTTTAACTCCTCGTAAT
H5_RevPool,H5-rev-mut120,NNG,GTTGATCCTTGACAGCNNGTGCTTTAACTCCTC
H5_RevPool,H5-rev-mut121,NNG,AGTGGTTGATCCTTGACNNCATGTGCTTTAACTC
H5_RevPool,H5-rev-mut122,NNG,GAAGTGGTTGATCCTCNNCAGCATGTGCTTTAA
H5_RevPool,H5-rev-mut123,NNG,TCGAAGTGGTTGATCNNTGACAGCATGTGC
H5_RevPool,H5-rev-mut124,NNG,TTCTCGAAGTGGTTCNNCCTTGACAGCATG
H5_RevPool,H5-rev-mut125,NNG,GATTTTCTCGAAGTGCNNGATCCTTGACAGCAT
H5_RevPool,H5-rev-mut126,NNG,TGAGGATTTTCTCGAACNNGTTGATCCTTGACAG
H5_RevPool,H5-rev-mut127,NNG,ATAATGAGGATTTTCTCCNNGTGGTTGATCCTTGACA
H5_RevPool,H5-rev-mut128,NNG,GGGATAATGAGGATTTTCNNGAAGTGGTTGATCCTTG
H5_RevPool,H5-rev-mut129,NNG,TTTGGGATAATGAGGATCNNCTCGAAGTGGTTGATC
H5_RevPool,H5-rev-mut130,NNG,GATTTTGGGATAATGAGCNNTTTCTCGAAGTGGTTGA
H5_RevPool,H5-rev-mut131,NNG,GCTTGATTTTGGGATAATCNNGATTTTCTCGAAGTGGT
H5_RevPool,H5-rev-mut132,NNG,CAGCTTGATTTTGGGATCNNGAGGATTTTCTCGAAG
H5_RevPool,H5-rev-mut133,NNG,GCCAGCTTGATTTTGGCNNAATGAGGATTTTCTC
H5_RevPool,H5-rev-mut134,NNG,GTTAGGCCAGCTTGATTTCNNGATAATGAGGATTTTCT
H5_RevPool,H5-rev-mut135,NNG,GTTAGGCCAGCTTGACNNTGGGATAATGAGGAT
H5_RevPool,H5-rev-mut136,NNG,GTGGTTAGGCCAGCTCNNTTTTGGGATAATGAG
H5_RevPool,H5-rev-mut137,NNG,TCTCGTGGTTAGGCCACNNTGATTTTGGGATAAT
H5_RevPool,H5-rev-mut138,NNG,TCTCGTGGTTAGGCNNGCTTGATTTTGGG
H5_RevPool,H5-rev-mut139,NNG,CTGGTCTCGTGGTTCNNCCAGCTTGATTTT
H5_RevPool,H5-rev-mut140,NNG,CTGGTCTCGTGCNNAGGCCAGCTTG
H5_RevPool,H5-rev-mut141,NNG,AGGCTGGTCTCCNNGTTAGGCCAGC
H5_RevPool,H5-rev-mut142,NNG,CCCAGGCTGGTCNNGTGGTTAGGCC
H5_RevPool,H5-rev-mut143,NNG,ACGCCCAGGCTCNNCTCGTGGTTAG
H5_RevPool,H5-rev-mut144,NNG,GATACGCCCAGCNNGGTCTCGTGGT
H5_RevPool,H5-rev-mut145,NNG,GCAGATACGCCCNNGCTGGTCTCGT
H5_RevPool,H5-rev-mut146,NNG,GCAGCAGATACCNNCAGGCTGGTCT
H5_RevPool,H5-rev-mut147,NNG,CAGGCAGCAGACNNGCCCAGGCTGG
H5_RevPool,H5-rev-mut148,NNG,GGGCAGGCAGCCNNTACGCCCAGGC
H5_RevPool,H5-rev-mut149,NNG,TAGGGGCAGGCCNNAGATACGCCCA
H5_RevPool,H5-rev-mut150,NNG,CTTGATAGGGGCACNNAGCAGATACGCC
H5_RevPool,H5-rev-mut151,NNG,GCCTTGATAGGGCNNGGCAGCAGATAC
H5_RevPool,H5-rev-mut152,NNG,GCGCCTTGATACNNGCAGGCAGCAG
H5_RevPool,H5-rev-mut153,NNG,GGGGCGCCTTGCNNGGGGCAGGCAG
H5_RevPool,H5-rev-mut154,NNG,CTAGGGGCGCCCNNATAGGGGCAGG
H5_RevPool,H5-rev-mut155,NNG,GAAGCTAGGGGCCNNTTGATAGGGGC
H5_RevPool,H5-rev-mut156,NNG,CTAAAGAAGCTAGGCNNGCCTTGATAGGGG
H5_RevPool,H5-rev-mut157,NNG,TTCCTAAAGAAGCTCNNGGCGCCTTGATAG
H5_RevPool,H5-rev-mut158,NNG,GTTCCTAAAGAACNNAGGGGCGCCTTG
H5_RevPool,H5-rev-mut159,NNG,ACGTTCCTAAACNNGCTAGGGGCGC
H5_RevPool,H5-rev-mut160,NNG,GACGACGTTCCTCNNGAAGCTAGGGG
H5_RevPool,H5-rev-mut161,NNG,AACCAGACGACGTTCNNAAAGAAGCTAGGG
H5_RevPool,H5-rev-mut162,NNG,TTAATTAACCAGACGACCNNCCTAAAGAAGCTAGGG
H5_RevPool,H5-rev-mut163,NNG,TCTTCTTAATTAACCAGACCNNGTTCCTAAAGAAGCTAGG
H5_RevPool,H5-rev-mut164,NNG,CATTCTTCTTAATTAACCACNNGACGTTCCTAAAGAAGCT
H5_RevPool,H5-rev-mut165,NNG,CGTCATTCTTCTTAATTAACNNGACGACGTTCCTAAAGAA
H5_RevPool,H5-rev-mut166,NNG,CGTCATTCTTCTTAATCNNCCAGACGACGTTCCTA
H5_RevPool,H5-rev-mut167,NNG,GCGTCATTCTTCTTCNNTAACCAGACGACGT
H5_RevPool,H5-rev-mut168,NNG,GATAGGCGTCATTCTTCNNAATTAACCAGACGACG
H5_RevPool,H5-rev-mut169,NNG,TGGGATAGGCGTCATTCNNCTTAATTAACCAGACG
H5_RevPool,H5-rev-mut170,NNG,ATAGTGGGATAGGCGTCCNNCTTCTTAATTAACCAGA
H5_RevPool,H5-rev-mut171,NNG,AGATTTTAATAGTGGGATAGGCCNNATTCTTCTTAATTAACCAGAC
H5_RevPool,H5-rev-mut172,NNG,ATAAGAGATTTTAATAGTGGGATACNNGTCATTCTTCTTAATTAACCAGAC
H5_RevPool,H5-rev-mut173,NNG,GAGATTTTAATAGTGGGCNNGGCGTCATTCTTCTTAA
H5_RevPool,H5-rev-mut174,NNG,GTTGTTATAAGAGATTTTAATAGTCNNATAGGCGTCATTCTTCTTAATTAA
H5_RevPool,H5-rev-mut175,NNG,TTGTTATAAGAGATTTTAATCNNGGGATAGGCGTCATTCTTCT
H5_RevPool,H5-rev-mut176,NNG,TGTTGTTATAAGAGATTTTCNNAGTGGGATAGGCGTCATT
H5_RevPool,H5-rev-mut177,NNG,AGTGTTGTTATAAGAGATCNNAATAGTGGGATAGGCGTC
H5_RevPool,H5-rev-mut178,NNG,CGGTTAGTGTTGTTATAAGACNNTTTAATAGTGGGATAGGCG
H5_RevPool,H5-rev-mut179,NNG,CGCGGTTAGTGTTGTTATACNNGATTTTAATAGTGGGATAG
H5_RevPool,H5-rev-mut180,NNG,TCGCGGTTAGTGTTGTTCNNAGAGATTTTAATAGTGG
H5_RevPool,H5-rev-mut181,NNG,GGTCCTCGCGGTTAGTGTTCNNATAAGAGATTTTAATAGT
H5_RevPool,H5-rev-mut182,NNG,AGGTCCTCGCGGTTAGTCNNGTTATAAGAGATTTTAA
H5_RevPool,H5-rev-mut183,NNG,AGGTCCTCGCGGTTCNNGTTGTTATAAGAGA
H5_RevPool,H5-rev-mut184,NNG,GCAGGTCCTCGCGCNNAGTGTTGTTATAA
H5_RevPool,H5-rev-mut185,NNG,AAGATCAGCAGGTCCTCCNNGTTAGTGTTGTTATAAG
H5_RevPool,H5-rev-mut186,NNG,GATCAGCAGGTCCNNGCGGTTAGTGTT
H5_RevPool,H5-rev-mut187,NNG,CAAGATCAGCAGCNNCTCGCGGTTAGT
H5_RevPool,H5-rev-mut188,NNG,CACAAGATCAGCNNGTCCTCGCGGT
H5_RevPool,H5-rev-mut189,NNG,CCCCACAAGATCNNCAGGTCCTCGC
H5_RevPool,H5-rev-mut190,NNG,ATGCCCCACAACNNCAGCAGGTCCT
H5_RevPool,H5-rev-mut191,NNG,GTGTATGCCCCACNNGATCAGCAGGTC
H5_RevPool,H5-rev-mut192,NNG,AGTGGTGTATGCCCNNCAAGATCAGCAG
H5_RevPool,H5-rev-mut193,NNG,TATTTGAGTGGTGTATCNNCCACAAGATCAGCAGG
H5_RevPool,H5-rev-mut194,NNG,TTATTTGAGTGGTGCNNGCCCCACAAGATC
H5_RevPool,H5-rev-mut195,NNG,GCGTTATTTGAGTGCNNTATGCCCCACAAGA
H5_RevPool,H5-rev-mut196,NNG,GGCGTTATTTGACNNGTGTATGCCCCA
H5_RevPool,H5-rev-mut197,NNG,CTCGGCGTTATTCNNGTGGTGTATGCC
H5_RevPool,H5-rev-mut198,NNG,GTTCCTCGGCGTTCNNTGAGTGGTGTATG
H5_RevPool,H5-rev-mut199,NNG,GTTTGTTCCTCGGCCNNATTTGAGTGGTGTA
H5_RevPool,H5-rev-mut200,NNG,GTTGGTTTGTTCCTCCNNGTTATTTGAGTGGTG
H5_RevPool,H5-rev-mut201,NNG,AAGGTTGGTTTGTTCCNNGGCGTTATTTGAGT
H5_RevPool,H5-rev-mut202,NNG,TTATAAAGGTTGGTTTGCNNCTCGGCGTTATTTGAG
H5_RevPool,H5-rev-mut203,NNG,TTCTTATAAAGGTTGGTCNNTTCCTCGGCGTTATTTG
H5_RevPool,H5-rev-mut204,NNG,GGGATTCTTATAAAGGTTCNNTTGTTCCTCGGCGTTAT
H5_RevPool,H5-rev-mut205,NNG,GGGATTCTTATAAAGCNNGGTTTGTTCCTCGG
H5_RevPool,H5-rev-mut206,NNG,GTAGTGGGATTCTTATACNNGTTGGTTTGTTCCTCG
H5_RevPool,H5-rev-mut207,NNG,ACGTAGTGGGATTCTTCNNAAGGTTGGTTTGTTC
H5_RevPool,H5-rev-mut208,NNG,AGATATACGTAGTGGGATTCNNATAAAGGTTGGTTTGTTCC
H5_RevPool,H5-rev-mut209,NNG,AGAGATATACGTAGTGGGCNNCTTATAAAGGTTGGTTTG
H5_RevPool,H5-rev-mut210,NNG,CCCACAGAGATATACGTAGTCNNATTCTTATAAAGGTTGGTTT
H5_RevPool,H5-rev-mut211,NNG,GCCCACAGAGATATACGTCNNGGGATTCTTATAAAGGT
H5_RevPool,H5-rev-mut212,NNG,AGTGCCCACAGAGATATACNNAGTGGGATTCTTATAAAG
H5_RevPool,H5-rev-mut213,NNG,TGCCCACAGAGATCNNCGTAGTGGGATTC
H5_RevPool,H5-rev-mut214,NNG,CTAGTGCCCACAGACNNATACGTAGTGGGAT
H5_RevPool,H5-rev-mut215,NNG,GTGCTAGTGCCCACCNNGATATACGTAGTG
H5_RevPool,H5-rev-mut216,NNG,TCAAGGTGCTAGTGCCCNNAGAGATATACGTAGT
H5_RevPool,H5-rev-mut217,NNG,TTGATTCAAGGTGCTAGTCNNCACAGAGATATACGTAG
H5_RevPool,H5-rev-mut218,NNG,TTGATTCAAGGTGCTCNNGCCCACAGAGATATA
H5_RevPool,H5-rev-mut219,NNG,GTTGATTCAAGGTCNNAGTGCCCACAGAG
H5_RevPool,H5-rev-mut220,NNG,CCGTTGATTCAACNNGCTAGTGCCCAC
H5_RevPool,H5-rev-mut221,NNG,CAGCCGTTGATTCNNGGTGCTAGTGC
H5_RevPool,H5-rev-mut222,NNG,GCCAGCCGTTGCNNCAAGGTGCTAG
H5_RevPool,H5-rev-mut223,NNG,GGGGCCAGCCGCNNATTCAAGGTGC
H5_RevPool,H5-rev-mut224,NNG,CTTGGGGGCCAGCNNTTGATTCAAGGT
H5_RevPool,H5-rev-mut225,NNG,CAATCTTGGGGGCCNNCCGTTGATTCAA
H5_RevPool,H5-rev-mut226,NNG,GCAATCTTGGGCNNCAGCCGTTGAT
H5_RevPool,H5-rev-mut227,NNG,GTGGCAATCTTCNNGGCCAGCCGTT
H5_RevPool,H5-rev-mut228,NNG,CGGGTGGCAATCNNGGGGGCCAGCC
H5_RevPool,H5-rev-mut229,NNG,CTGCGGGTGGCCNNCTTGGGGGCCA
H5_RevPool,H5-rev-mut230,NNG,CTGACTGCGGGTCNNAATCTTGGGGG
H5_RevPool,H5-rev-mut231,NNG,ACCTGACTGCGCNNGGCAATCTTGG
H5_RevPool,H5-rev-mut232,NNG,CATTCACCTGACTCNNGGTGGCAATCTTG
H5_RevPool,H5-rev-mut233,NNG,CCATTCACCTGCNNGCGGGTGGCAA
H5_RevPool,H5-rev-mut234,NNG,TGTCCATTCACCNNACTGCGGGTGG
H5_RevPool,H5-rev-mut235,NNG,TCTCTGTCCATTCNNCTGACTGCGGGT
H5_RevPool,H5-rev-mut236,NNG,CCTCTCTGTCCCNNCACCTGACTGC
H5_RevPool,H5-rev-mut237,NNG,TCCTGCCTCTCTGCNNATTCACCTGACT
H5_RevPool,H5-rev-mut238,NNG,CCATCCTGCCTCTCNNTCCATTCACCTGA
H5_RevPool,H5-rev-mut239,NNG,AATCCATCCTGCCCNNCTGTCCATTCAC
H5_RevPool,H5-rev-mut240,NNG,CAAAAGAAATCCATCCTCNNTCTCTGTCCATTCACCT
H5_RevPool,H5-rev-mut241,NNG,CCAAAAGAAATCCATCNNGCCTCTCTGTCCATT
H5_RevPool,H5-rev-mut242,NNG,GTCCAAAAGAAATCCNNCCTGCCTCTCTGTC
H5_RevPool,H5-rev-mut243,NNG,GTATAGTCCAAAAGAACNNCATCCTGCCTCTCTGT
H5_RevPool,H5-rev-mut244,NNG,TTCAGTATAGTCCAAAACNNATCCATCCTGCCTCTC
H5_RevPool,H5-rev-mut245,NNG,CTTCAGTATAGTCCACNNGAAATCCATCCTGCC
H5_RevPool,H5-rev-mut246,NNG,TCCGGCTTCAGTATAGTCNNAAAGAAATCCATCCTG
H5_RevPool,H5-rev-mut247,NNG,GTCCGGCTTCAGTATCNNCCAAAAGAAATCCAT
H5_RevPool,H5-rev-mut248,NNG,GTCCGGCTTCAGCNNAGTCCAAAAGAA
H5_RevPool,H5-rev-mut249,NNG,GCGTCGTCCGGCTTCNNTATAGTCCAAAAG
H5_RevPool,H5-rev-mut250,NNG,GCGTCGTCCGGCNNCAGTATAGTCC
H5_RevPool,H5-rev-mut251,NNG,TGAATCGCGTCGTCCNNCTTCAGTATAGTCC
H5_RevPool,H5-rev-mut252,NNG,AGTGAATCGCGTCCNNCGGCTTCAGTATA
H5_RevPool,H5-rev-mut253,NNG,AAAGTGAATCGCCNNGTCCGGCTTCA
H5_RevPool,H5-rev-mut254,NNG,GATTCAAAGTGAATCNNGTCGTCCGGCTTCA
H5_RevPool,H5-rev-mut255,NNG,GATTCAAAGTGCNNCGCGTCGTCCG
H5_RevPool,H5-rev-mut256,NNG,CCGTTAGATTCAAACNNAATCGCGTCGTCC
H5_RevPool,H5-rev-mut257,NNG,GCCGTTAGATTCCNNGTGAATCGCGTC
H5_RevPool,H5-rev-mut258,NNG,AAGTTGCCGTTAGACNNAAAGTGAATCGCGT
H5_RevPool,H5-rev-mut259,NNG,CGATAAAGTTGCCGTTCNNTTCAAAGTGAATCGC
H5_RevPool,H5-rev-mut260,NNG,GGGCGATAAAGTTGCCCNNAGATTCAAAGTGAAT
H5_RevPool,H5-rev-mut261,NNG,TCAGGGGCGATAAAGTTCNNGTTAGATTCAAAGTGAA
H5_RevPool,H5-rev-mut262,NNG,CAGGGGCGATAAACNNGCCGTTAGATTCA
H5_RevPool,H5-rev-mut263,NNG,TCAGGGGCGATCNNGTTGCCGTTAG
H5_RevPool,H5-rev-mut264,NNG,GTACTCAGGGGCCNNAAAGTTGCCGTT
H5_RevPool,H5-rev-mut265,NNG,TTATAAGCGTACTCAGGCNNGATAAAGTTGCCGTTA
H5_RevPool,H5-rev-mut266,NNG,CTTATAAGCGTACTCCNNGGCGATAAAGTTGCC
H5_RevPool,H5-rev-mut267,NNG,ACTATCTTATAAGCGTACNNAGGGGCGATAAAGTTGC
H5_RevPool,H5-rev-mut268,NNG,TTCACTATCTTATAAGCCNNCTCAGGGGCGATAAAG
H5_RevPool,H5-rev-mut269,NNG,CCTTCTTCACTATCTTATACNNGTACTCAGGGGCGATAAA
H5_RevPool,H5-rev-mut270,NNG,CTTCTTCACTATCTTCNNAGCGTACTCAGGGG
H5_RevPool,H5-rev-mut271,NNG,CACCCTTCTTCACTATCNNATAAGCGTACTCAGGG
H5_RevPool,H5-rev-mut272,NNG,CTATCACCCTTCTTCACCNNCTTATAAGCGTACTCAG
H5_RevPool,H5-rev-mut273,NNG,TCGTACTATCACCCTTCTTCNNTATCTTATAAGCGTACTCA
H5_RevPool,H5-rev-mut274,NNG,TGATCGTACTATCACCCTTCNNCACTATCTTATAAGCGTA
H5_RevPool,H5-rev-mut275,NNG,TCATGATCGTACTATCACCCNNCTTCACTATCTTATAAGCG
H5_RevPool,H5-rev-mut276,NNG,GCTCTTCATGATCGTACTATCCNNCTTCTTCACTATCTTATAAGC
H5_RevPool,H5-rev-mut277,NNG,GCTCTTCATGATCGTACTCNNACCCTTCTTCACTATCT
H5_RevPool,H5-rev-mut278,NNG,GCTCTTCATGATCGTCNNATCACCCTTCTTCAC
H5_RevPool,H5-rev-mut279,NNG,CCCGCTCTTCATGATCNNACTATCACCCTTCTT
H5_RevPool,H5-rev-mut280,NNG,CCCCGCTCTTCATCNNCGTACTATCACC
H5_RevPool,H5-rev-mut281,NNG,TCAACCCCGCTCTTCNNGATCGTACTATCAC
H5_RevPool,H5-rev-mut282,NNG,GTACTCAACCCCGCTCNNCATGATCGTACTATC
H5_RevPool,H5-rev-mut283,NNG,CCGTACTCAACCCCCNNCTTCATGATCGTA
H5_RevPool,H5-rev-mut284,NNG,TGACCGTACTCAACCNNGCTCTTCATGATC
H5_RevPool,H5-rev-mut285,NNG,AATGACCGTACTCCNNCCCGCTCTTCAT
H5_RevPool,H5-rev-mut286,NNG,TATTACAATGACCGTACNNAACCCCGCTCTTCAT
H5_RevPool,H5-rev-mut287,NNG,GTATTACAATGACCCNNCTCAACCCCGCTC
H5_RevPool,H5-rev-mut288,NNG,CTTTGTATTACAATGCNNGTACTCAACCCCGCT
H5_RevPool,H5-rev-mut289,NNG,GCACTTTGTATTACACNNACCGTACTCAACCCC
H5_RevPool,H5-rev-mut290,NNG,TCTGGCACTTTGTATTCNNATGACCGTACTCAAC
H5_RevPool,H5-rev-mut291,NNG,GTCTGGCACTTTGTCNNACAATGACCGTACT
H5_RevPool,H5-rev-mut292,NNG,GGTGTCTGGCACTTCNNATTACAATGACCGT
H5_RevPool,H5-rev-mut293,NNG,AACCGGTGTCTGGCACNNTGTATTACAATGAC
H5_RevPool,H5-rev-mut294,NNG,CCCAACCGGTGTCTGCNNCTTTGTATTACAAT
H5_RevPool,H5-rev-mut295,NNG,CCCCAACCGGTGTCNNGCACTTTGTATTA
H5_RevPool,H5-rev-mut296,NNG,GCCCCAACCGGCNNCTGGCACTTTG
H5_RevPool,H5-rev-mut297,NNG,TTAATTGCCCCAACCNNTGTCTGGCACTTT
H5_RevPool,H5-rev-mut298,NNG,TTAATTGCCCCCNNCGGTGTCTGGC
H5_RevPool,H5-rev-mut299,NNG,GATGAGTTAATTGCCNNAACCGGTGTCTGG
H5_RevPool,H5-rev-mut300,NNG,CATAGATGAGTTAATCNNCCCAACCGGTGTCTG
H5_RevPool,H5-rev-mut301,NNG,GCATAGATGAGTTCNNTGCCCCAACCGG
H5_RevPool,H5-rev-mut302,NNG,AAGGGCATAGATGACNNAATTGCCCCAACC
H5_RevPool,H5-rev-mut303,NNG,TATGAAAGGGCATAGACNNGTTAATTGCCCCAAC
H5_RevPool,H5-rev-mut304,NNG,GATATTATGAAAGGGCATCNNTGAGTTAATTGCCCCAA
H5_RevPool,H5-rev-mut305,NNG,GTGGATATTATGAAAGGGCNNAGATGAGTTAATTGCCC
H5_RevPool,H5-rev-mut306,NNG,AATGGGTGGATATTATGAAACNNCATAGATGAGTTAATTGCCC
H5_RevPool,H5-rev-mut307,NNG,AATGGGTGGATATTATGCNNGGGCATAGATGAGTTAA
H5_RevPool,H5-rev-mut308,NNG,GTCAATGGGTGGATATTCNNAAAGGGCATAGATGAGT
H5_RevPool,H5-rev-mut309,NNG,ATTGTCAATGGGTGGATCNNATGAAAGGGCATAGAT
H5_RevPool,H5-rev-mut310,NNG,CGATTGTCAATGGGTGCNNATTATGAAAGGGCATA
H5_RevPool,H5-rev-mut311,NNG,CACCGATTGTCAATGGCNNGATATTATGAAAGGG
H5_RevPool,H5-rev-mut312,NNG,CACTCACCGATTGTCAACNNGTGGATATTATGAAAGG
H5_RevPool,H5-rev-mut313,NNG,GACACTCACCGATTGTCNNTGGGTGGATATTATGA
H5_RevPool,H5-rev-mut314,NNG,GGACACTCACCGATCNNCAATGGGTGGATAT
H5_RevPool,H5-rev-mut315,NNG,TTGGACACTCACCCNNTGTCAATGGGTG
H5_RevPool,H5-rev-mut316,NNG,CATACTTTGGACACTCCNNGATTGTCAATGGGTG
H5_RevPool,H5-rev-mut317,NNG,TTAACATACTTTGGACACNNACCGATTGTCAATGGG
H5_RevPool,H5-rev-mut318,NNG,GCTTTTAACATACTTTGGCNNCTCACCGATTGTCAATG
H5_RevPool,H5-rev-mut319,NNG,TTGCTTTTAACATACTTCNNACACTCACCGATTGTCA
H5_RevPool,H5-rev-mut320,NNG,TTTATTGCTTTTAACATACNNTGGACACTCACCGATTGT
H5_RevPool,H5-rev-mut321,NNG,AGTTTATTGCTTTTAACCNNCTTTGGACACTCACCG
H5_RevPool,H5-rev-mut322,NNG,AACCAGTTTATTGCTTTTCNNATACTTTGGACACTCACC
H5_RevPool,H5-rev-mut323,NNG,CAGAACCAGTTTATTGCTCNNAACATACTTTGGACACT
H5_RevPool,H5-rev-mut324,NNG,TTGCCAGAACCAGTTTATTCNNTTTAACATACTTTGGACAC
H5_RevPool,H5-rev-mut325,NNG,GTTGCCAGAACCAGTTTCNNGCTTTTAACATACTTTG
H5_RevPool,H5-rev-mut326,NNG,CGTTGCCAGAACCAGCNNATTGCTTTTAACATA
H5_RevPool,H5-rev-mut327,NNG,GCCCGTTGCCAGAACCNNTTTATTGCTTTTAAC
H5_RevPool,H5-rev-mut328,NNG,CCCGTTGCCAGCNNCAGTTTATTGC
H5_RevPool,H5-rev-mut329,NNG,CTAAGGCCCGTTGCCNNAACCAGTTTATTG
H5_RevPool,H5-rev-mut330,NNG,TTCCTAAGGCCCGTCNNCAGAACCAGTTTAT
H5_RevPool,H5-rev-mut331,NNG,GTTCCTAAGGCCCNNTGCCAGAACCAG
H5_RevPool,H5-rev-mut332,NNG,GGGAGTTCCTAAGCNNCGTTGCCAGAAC
H5_RevPool,H5-rev-mut333,NNG,GGGGAGTTCCTCNNGCCCGTTGCCA
H5_RevPool,H5-rev-mut334,NNG,GAGTGGGGAGTTCNNAAGGCCCGTTG
H5_RevPool,H5-rev-mut335,NNG,CGGAGTGGGGACNNCCTAAGGCCCG
H5_RevPool,H5-rev-mut336,NNG,TCGCGGAGTGGCNNGTTCCTAAGGC
H5_RevPool,H5-rev-mut337,NNG,TTTTCTCGCGGAGCNNGGAGTTCCTAAG
H5_RevPool,H5-rev-mut338,NNG,TCTTTTCTCGCGCNNTGGGGAGTTCC
H5_RevPool,H5-rev-mut339,NNG,TTCCTTCTTTTCTCCNNGAGTGGGGAGTTCC
H5_RevPool,H5-rev-mut340,NNG,CTTCCTTCTTTTCNNGCGGAGTGGGGA
H5_RevPool,H5-rev-mut341,NNG,CGCTTCCTTCTCNNCTCGCGGAGTG
H5_RevPool,H5-rev-mut342,NNG,CCCCGCTTCCTCNNTTTCTCGCGGA
H5_RevPool,H5-rev-mut343,NNG,GAGACCCCGCTTCNNTCTTTTCTCGC
H5_RevPool,H5-rev-mut344,NNG,CGAAGAGACCCCGCNNCCTTCTTTTCTC
H5_RevPool,H5-rev-mut345,NNG,GCACCGAAGAGACCCNNCTTCCTTCTTTTC
H5_RevPool,H5-rev-mut346,NNG,GCACCGAAGAGCNNCCGCTTCCTTC
H5_RevPool,H5-rev-mut347,NNG,AATAGCACCGAACNNACCCCGCTTCC
H5_RevPool,H5-rev-mut348,NNG,GCAATAGCACCCNNGAGACCCCGCT
H5_RevPool,H5-rev-mut349,NNG,CCGGCAATAGCCNNGAAGAGACCCC
H5_RevPool,H5-rev-mut350,NNG,GAAGCCGGCAATCNNACCGAAGAGAC
H5_RevPool,H5-rev-mut351,NNG,ATGAAGCCGGCCNNAGCACCGAAGA
H5_RevPool,H5-rev-mut352,NNG,CCTTCAATGAAGCCCNNAATAGCACCGAAGA
H5_RevPool,H5-rev-mut353,NNG,CACCTTCAATGAACNNGGCAATAGCACCG
H5_RevPool,H5-rev-mut354,NNG,CCCACCTTCAATCNNGCCGGCAATAG
H5_RevPool,H5-rev-mut355,NNG,CACCCACCTTCCNNGAAGCCGGCAA
H5_RevPool,H5-rev-mut356,NNG,TGCCACCCACCCNNAATGAAGCCGG
H5_RevPool,H5-rev-mut357,NNG,GCCTTGCCACCCCNNTTCAATGAAGC
H5_RevPool,H5-rev-mut358,NNG,CCATGCCTTGCCACNNACCTTCAATGAAG
H5_RevPool,H5-rev-mut359,NNG,ACCATGCCTTGCNNCCCACCTTCAA
H5_RevPool,H5-rev-mut360,NNG,TCCACCATGCCCNNCCACCCACCTT
H5_RevPool,H5-rev-mut361,NNG,CCGTCCACCATCNNTTGCCACCCAC
H5_RevPool,H5-rev-mut362,NNG,CAGCCGTCCACCNNGCCTTGCCACC
H5_RevPool,H5-rev-mut363,NNG,TACCAGCCGTCCNNCATGCCTTGCC
H5_RevPool,H5-rev-mut364,NNG,CCGTACCAGCCCNNCACCATGCCTT
H5_RevPool,H5-rev-mut365,NNG,ATAGCCGTACCACNNGTCCACCATGC
H5_RevPool,H5-rev-mut366,NNG,TGATAGCCGTACNNGCCGTCCACCA
H5_RevPool,H5-rev-mut367,NNG,TGGTGATAGCCCNNCCAGCCGTCCA
H5_RevPool,H5-rev-mut368,NNG,TTGAGTGGTGATACNNGTACCAGCCGTC
H5_RevPool,H5-rev-mut369,NNG,TTTGAGTGGTGCNNGCCGTACCAGC
H5_RevPool,H5-rev-mut370,NNG,TGTTCGTTTGAGTGCNNATAGCCGTACCAG
H5_RevPool,H5-rev-mut371,NNG,CCTTGTTCGTTTGACNNGTGATAGCCGTAC
H5_RevPool,H5-rev-mut372,NNG,GATCCTTGTTCGTTCNNGTGGTGATAGCCG
H5_RevPool,H5-rev-mut373,NNG,TCCAGATCCTTGTTCCNNTGAGTGGTGATAGC
H5_RevPool,H5-rev-mut374,NNG,GTATCCAGATCCTTGCNNGTTTGAGTGGTGATA
H5_RevPool,H5-rev-mut375,NNG,GCGTATCCAGATCCCNNTTCGTTTGAGTGG
H5_RevPool,H5-rev-mut376,NNG,CGGCGTATCCAGACNNTTGTTCGTTTGAG
H5_RevPool,H5-rev-mut377,NNG,GCGGCGTATCCCNNTCCTTGTTCGT
H5_RevPool,H5-rev-mut378,NNG,TATCGGCGGCGTACNNAGATCCTTGTTC
H5_RevPool,H5-rev-mut379,NNG,CTTATCGGCGGCCNNTCCAGATCCTTG
H5_RevPool,H5-rev-mut380,NNG,TACTTTCCTTATCGGCCNNGTATCCAGATCCTTG
H5_RevPool,H5-rev-mut381,NNG,TGTACTTTCCTTATCCNNGGCGTATCCAGATCC
H5_RevPool,H5-rev-mut382,NNG,TGTACTTTCCTTCNNGGCGGCGTATCC
H5_RevPool,H5-rev-mut383,NNG,CTGTGTACTTTCCNNATCGGCGGCGTA
H5_RevPool,H5-rev-mut384,NNG,CTTTCTGTGTACTCNNCTTATCGGCGGCG
H5_RevPool,H5-rev-mut385,NNG,ATGGCTTTCTGTGTCNNTTCCTTATCGGCG
H5_RevPool,H5-rev-mut386,NNG,GTCAATGGCTTTCTGCNNACTTTCCTTATCGG
H5_RevPool,H5-rev-mut387,NNG,CGCCGTCAATGGCTTTCNNTGTACTTTCCTTATC
H5_RevPool,H5-rev-mut388,NNG,GCCGTCAATGGCCNNCTGTGTACTTTC
H5_RevPool,H5-rev-mut389,NNG,TTGTGACGCCGTCAATCNNTTTCTGTGTACTTTC
H5_RevPool,H5-rev-mut390,NNG,GTGACGCCGTCCNNGGCTTTCTGTG
H5_RevPool,H5-rev-mut391,NNG,TGTTTGTGACGCCCNNAATGGCTTTCTG
H5_RevPool,H5-rev-mut392,NNG,CACTTTGTTTGTGACCNNGTCAATGGCTTTCTG
H5_RevPool,H5-rev-mut393,NNG,TCACTTTGTTTGTCNNGCCGTCAATGGC
H5_RevPool,H5-rev-mut394,NNG,CTATTCACTTTGTTCNNGACGCCGTCAATGG
H5_RevPool,H5-rev-mut395,NNG,ATTATGCTATTCACTTTCNNTGTGACGCCGTCAATG
H5_RevPool,H5-rev-mut396,NNG,ATTATGCTATTCACCNNGTTTGTGACGCCGT
H5_RevPool,H5-rev-mut397,NNG,TTATCGATTATGCTATTCNNTTTGTTTGTGACGCCGT
H5_RevPool,H5-rev-mut398,NNG,ATCTTATCGATTATGCTCNNCACTTTGTTTGTGACGC
H5_RevPool,H5-rev-mut399,NNG,TGTATTCATCTTATCGATTATCNNATTCACTTTGTTTGTGACGC
H5_RevPool,H5-rev-mut400,NNG,TGTGTATTCATCTTATCGATCNNGCTATTCACTTTGTTTGTG
H5_RevPool,H5-rev-mut401,NNG,CGAACTGTGTATTCATCTTATCCNNTATGCTATTCACTTTGTTTGT
H5_RevPool,H5-rev-mut402,NNG,TCGAACTGTGTATTCATCTTCNNGATTATGCTATTCACTTTG
H5_RevPool,H5-rev-mut403,NNG,GCTTCGAACTGTGTATTCATCNNATCGATTATGCTATTCACT
H5_RevPool,H5-rev-mut404,NNG,CGGCTTCGAACTGTGTATTCNNCTTATCGATTATGCTATT
H5_RevPool,H5-rev-mut405,NNG,CGGCTTCGAACTGTGTCNNCATCTTATCGATTATG
H5_RevPool,H5-rev-mut406,NNG,GACGGCTTCGAACTGCNNATTCATCTTATCGAT
H5_RevPool,H5-rev-mut407,NNG,CCCGACGGCTTCGAACNNTGTATTCATCTTATC
H5_RevPool,H5-rev-mut408,NNG,TCCCGACGGCTTCCNNCTGTGTATTCAT
H5_RevPool,H5-rev-mut409,NNG,CTCCCGACGGCCNNGAACTGTGTAT
H5_RevPool,H5-rev-mut410,NNG,TTAAATTCTCTCCCGACCNNTTCGAACTGTGTATTCA
H5_RevPool,H5-rev-mut411,NNG,GTTAAATTCTCTCCCCNNGGCTTCGAACTGTG
H5_RevPool,H5-rev-mut412,NNG,GATTGTTAAATTCTCTCNNGACGGCTTCGAACTGT
H5_RevPool,H5-rev-mut413,NNG,AGATTGTTAAATTCCNNCCCGACGGCTTCG
H5_RevPool,H5-rev-mut414,NNG,TCGAGATTGTTAAACNNTCTCCCGACGGCTT
H5_RevPool,H5-rev-mut415,NNG,CTCTCGAGATTGTTCNNTTCTCTCCCGACG
H5_RevPool,H5-rev-mut416,NNG,CGTCTCTCGAGATTCNNAAATTCTCTCCCGA
H5_RevPool,H5-rev-mut417,NNG,AATGCGTCTCTCGAGCNNGTTAAATTCTCTCC
H5_RevPool,H5-rev-mut418,NNG,GTTTTCAATGCGTCTCTCCNNATTGTTAAATTCTCTCCC
H5_RevPool,H5-rev-mut419,NNG,AAGGTTTTCAATGCGTCTCNNGAGATTGTTAAATTCTCT
H5_RevPool,H5-rev-mut420,NNG,TATTAAGGTTTTCAATGCGCNNCTCGAGATTGTTAAATTCT
H5_RevPool,H5-rev-mut421,NNG,CATCTTCTTATTAAGGTTTTCAATCNNTCTCTCGAGATTGTTAAATTCTCT
H5_RevPool,H5-rev-mut422,NNG,TTCTTATTAAGGTTTTCCNNGCGTCTCTCGAGATTGT
H5_RevPool,H5-rev-mut423,NNG,CCATCTTCTTATTAAGGTTCNNAATGCGTCTCTCGAGATT
H5_RevPool,H5-rev-mut424,NNG,TCCATCTTCTTATTAAGCNNTTCAATGCGTCTCTCGA
H5_RevPool,H5-rev-mut425,NNG,ATCTTCCATCTTCTTATTCNNGTTTTCAATGCGTCTCTC
H5_RevPool,H5-rev-mut426,NNG,CCATCTTCCATCTTCTTCNNAAGGTTTTCAATGCGT
H5_RevPool,H5-rev-mut427,NNG,AAAGCCATCTTCCATCTTCNNATTAAGGTTTTCAATGCG
H5_RevPool,H5-rev-mut428,NNG,CCAGAAAGCCATCTTCCATCNNCTTATTAAGGTTTTCAAT
H5_RevPool,H5-rev-mut429,NNG,GTCCAGAAAGCCATCTTCCNNCTTCTTATTAAGGTTTTC
H5_RevPool,H5-rev-mut430,NNG,ACGTCCAGAAAGCCATCCNNCATCTTCTTATTAAGG
H5_RevPool,H5-rev-mut431,NNG,CAAACGTCCAGAAAGCCCNNTTCCATCTTCTTATTAA
H5_RevPool,H5-rev-mut432,NNG,AGTCCAAACGTCCAGAAACNNATCTTCCATCTTCTTAT
H5_RevPool,H5-rev-mut433,NNG,CAAACGTCCAGCNNGCCATCTTCCA
H5_RevPool,H5-rev-mut434,NNG,GTAAGTCCAAACGTCCNNAAAGCCATCTTCCAT
H5_RevPool,H5-rev-mut435,NNG,GTTGTAAGTCCAAACCNNCAGAAAGCCATCTTC
H5_RevPool,H5-rev-mut436,NNG,CGTTGTAAGTCCACNNGTCCAGAAAGCCA
H5_RevPool,H5-rev-mut437,NNG,TCCGCGTTGTAAGTCNNAACGTCCAGAAAG
H5_RevPool,H5-rev-mut438,NNG,CTCCGCGTTGTACNNCCAAACGTCCA
H5_RevPool,H5-rev-mut439,NNG,CAACTCCGCGTTCNNAGTCCAAACGTC
H5_RevPool,H5-rev-mut440,NNG,CAGCAACTCCGCCNNGTAAGTCCAAAC
H5_RevPool,H5-rev-mut441,NNG,GCACCAGCAACTCCNNGTTGTAAGTCCAA
H5_RevPool,H5-rev-mut442,NNG,CAGCACCAGCAACNNCGCGTTGTAAG
H5_RevPool,H5-rev-mut443,NNG,ATCAGCACCAGCNNCTCCGCGTTGT
H5_RevPool,H5-rev-mut444,NNG,TCCATCAGCACCNNCAACTCCGCGT
H5_RevPool,H5-rev-mut445,NNG,ATTCTCCATCAGCNNCAGCAACTCCGC
H5_RevPool,H5-rev-mut446,NNG,CGTTCATTCTCCATCNNCACCAGCAACTCC
H5_RevPool,H5-rev-mut447,NNG,CGTTCATTCTCCNNCAGCACCAGCA
H5_RevPool,H5-rev-mut448,NNG,ATGTGCGTTCATTCNNCATCAGCACCAG
H5_RevPool,H5-rev-mut449,NNG,CTAATGTGCGTTCCNNCTCCATCAGCACC
H5_RevPool,H5-rev-mut450,NNG,AAAGTCTAATGTGCGCNNATTCTCCATCAGCAC
H5_RevPool,H5-rev-mut451,NNG,TCGTGAAAGTCTAATGTCNNTTCATTCTCCATCAGCA
H5_RevPool,H5-rev-mut452,NNG,GTCGTGAAAGTCTAACNNGCGTTCATTCTCCAT
H5_RevPool,H5-rev-mut453,NNG,CTGTCGTGAAAGTCCNNTGTGCGTTCATTCT
H5_RevPool,H5-rev-mut454,NNG,ACGTTACTGTCGTGAAACNNTAATGTGCGTTCATTC
H5_RevPool,H5-rev-mut455,NNG,CGTTACTGTCGTGCNNGTCTAATGTGCG
H5_RevPool,H5-rev-mut456,NNG,ATTCTTAACGTTACTGTCCNNAAAGTCTAATGTGCGTT
H5_RevPool,H5-rev-mut457,NNG,CAGATTCTTAACGTTACTCNNGTGAAAGTCTAATGTGCG
H5_RevPool,H5-rev-mut458,NNG,CATACAGATTCTTAACGTTCNNGTCGTGAAAGTCTAATGTG
H5_RevPool,H5-rev-mut459,NNG,CTTATCATACAGATTCTTAACCNNACTGTCGTGAAAGTCTAATGT
H5_RevPool,H5-rev-mut460,NNG,CCTTATCATACAGATTCTTCNNGTTACTGTCGTGAAAGTCT
H5_RevPool,H5-rev-mut461,NNG,GCACCTTATCATACAGATTCNNAACGTTACTGTCGTGAAA
H5_RevPool,H5-rev-mut462,NNG,GCACCTTATCATACAGCNNCTTAACGTTACTGTCG
H5_RevPool,H5-rev-mut463,NNG,AGGCGCACCTTATCATACNNATTCTTAACGTTACTGT
H5_RevPool,H5-rev-mut464,NNG,AGGCGCACCTTATCCNNCAGATTCTTAACG
H5_RevPool,H5-rev-mut465,NNG,TTGCAGGCGCACCTTCNNATACAGATTCTTAAC
H5_RevPool,H5-rev-mut466,NNG,AGTTGCAGGCGCACCNNATCATACAGATTC
H5_RevPool,H5-rev-mut467,NNG,GGAGTTGCAGGCGCNNCTTATCATACAGA
H5_RevPool,H5-rev-mut468,NNG,TCTCGGAGTTGCAGCNNCACCTTATCATACA
H5_RevPool,H5-rev-mut469,NNG,TCTCGGAGTTGCNNGCGCACCTTAT
H5_RevPool,H5-rev-mut470,NNG,TTGTCTCGGAGCNNCAGGCGCACCT
H5_RevPool,H5-rev-mut471,NNG,GCGTTGTCTCGCNNTTGCAGGCGCA
H5_RevPool,H5-rev-mut472,NNG,TTGGCGTTGTCCNNGAGTTGCAGGC
H5_RevPool,H5-rev-mut473,NNG,GTTCTTTGGCGTTCNNTCGGAGTTGCAG
H5_RevPool,H5-rev-mut474,NNG,CAAGTTCTTTGGCCNNGTCTCGGAGTTG
H5_RevPool,H5-rev-mut475,NNG,CATTTCCAAGTTCTTTCNNGTTGTCTCGGAGTTG
H5_RevPool,H5-rev-mut476,NNG,CATTTCCAAGTTCCNNGGCGTTGTCTCG
H5_RevPool,H5-rev-mut477,NNG,ACCCATTTCCAAGCNNTTTGGCGTTGTCT
H5_RevPool,H5-rev-mut478,NNG,AGCACCCATTTCCCNNTTCTTTGGCGTT
H5_RevPool,H5-rev-mut479,NNG,TCAAAGCACCCATTCNNAAGTTCTTTGGCG
H5_RevPool,H5-rev-mut480,NNG,AAACTCAAAGCACCCCNNTCCAAGTTCTTTGG
H5_RevPool,H5-rev-mut481,NNG,ATGGTAAAACTCAAAGCACNNATTTCCAAGTTCTTTGGC
H5_RevPool,H5-rev-mut482,NNG,ACTTATGGTAAAACTCAAACNNCCCATTTCCAAGTTCTTT
H5_RevPool,H5-rev-mut483,NNG,ACTTATGGTAAAACTCCNNGCACCCATTTCCAAG
H5_RevPool,H5-rev-mut484,NNG,CGCACTTATGGTAAAACNNAAAGCACCCATTTCC
H5_RevPool,H5-rev-mut485,NNG,CGCACTTATGGTACNNCTCAAAGCACCCA
H5_RevPool,H5-rev-mut486,NNG,GTTGTCGCACTTATGCNNAAACTCAAAGCACC
H5_RevPool,H5-rev-mut487,NNG,CTCGTTGTCGCACTTCNNGTAAAACTCAAAGC
H5_RevPool,H5-rev-mut488,NNG,CACTCGTTGTCGCACNNATGGTAAAACTCAA
H5_RevPool,H5-rev-mut489,NNG,CCATGCACTCGTTGTCCNNCTTATGGTAAAACTC
H5_RevPool,H5-rev-mut490,NNG,CTCCATGCACTCGTTCNNGCACTTATGGTAAAA
H5_RevPool,H5-rev-mut491,NNG,ACTCCATGCACTCCNNGTCGCACTTATG
H5_RevPool,H5-rev-mut492,NNG,GACTCCATGCACNNGTTGTCGCACT
H5_RevPool,H5-rev-mut493,NNG,AACGGACTCCATCNNCTCGTTGTCGC
H5_RevPool,H5-rev-mut494,NNG,CCTAACGGACTCCNNGCACTCGTTGTC
H5_RevPool,H5-rev-mut495,NNG,CGTTCCTAACGGACNNCATGCACTCGTT
H5_RevPool,H5-rev-mut496,NNG,GCCGTTCCTAACCNNCTCCATGCACTC
H5_RevPool,H5-rev-mut497,NNG,GTGCCGTTCCTCNNGGACTCCATGC
H5_RevPool,H5-rev-mut498,NNG,GTAGGTGCCGTTCNNAACGGACTCCAT
H5_RevPool,H5-rev-mut499,NNG,AATCGTAGGTGCCCNNCCTAACGGACTC
H5_RevPool,H5-rev-mut500,NNG,GTGGATAATCGTAGGTCNNGTTCCTAACGGACTC
H5_RevPool,H5-rev-mut501,NNG,TGTGGATAATCGTACNNGCCGTTCCTAACG
H5_RevPool,H5-rev-mut502,NNG,GTATTGTGGATAATCCNNGGTGCCGTTCCTAAC
H5_RevPool,H5-rev-mut503,NNG,AGAGTATTGTGGATACNNGTAGGTGCCGTTCC
H5_RevPool,H5-rev-mut504,NNG,CAGAGTATTGTGGCNNATCGTAGGTGCCG
H5_RevPool,H5-rev-mut505,NNG,CCTCTTCAGAGTATTGCNNATAATCGTAGGTGCC
H5_RevPool,H5-rev-mut506,NNG,CGCCTCTTCAGAGTACNNTGGATAATCGTAGGT
H5_RevPool,H5-rev-mut507,NNG,CGCGCCTCTTCAGACNNTTGTGGATAATCG
H5_RevPool,H5-rev-mut508,NNG,CCGCGCCTCTTCCNNGTATTGTGGATA
H5_RevPool,H5-rev-mut509,NNG,AGCCGCGCCTCCNNAGAGTATTGTG
H5_RevPool,H5-rev-mut510,NNG,CTTCAGCCGCGCCNNTTCAGAGTATTG
H5_RevPool,H5-rev-mut511,NNG,CGCTTCAGCCGCNNCTCTTCAGAGT
H5_RevPool,H5-rev-mut512,NNG,TCGCGCTTCAGCNNCGCCTCTTCAG
H5_RevPool,H5-rev-mut513,NNG,TCCTCGCGCTTCNNCCGCGCCTCTT
H5_RevPool,H5-rev-mut514,NNG,ATCTCCTCGCGCNNCAGCCGCGCCT
H5_RevPool,H5-rev-mut515,NNG,GGAAATCTCCTCCNNCTTCAGCCGCG
H5_RevPool,H5-rev-mut516,NNG,CCGGAAATCTCCNNGCGCTTCAGCC
H5_RevPool,H5-rev-mut517,NNG,ACCCCGGAAATCNNCTCGCGCTTCA
H5_RevPool,H5-rev-mut518,NNG,TTAACCCCGGACNNCTCCTCGCGCT
H5_RevPool,H5-rev-mut519,NNG,CAGCTTAACCCCCNNAATCTCCTCGCG
H5_RevPool,H5-rev-mut520,NNG,GACTCCAGCTTAACCNNGGAAATCTCCTCG
H5_RevPool,H5-rev-mut521,NNG,GGACTCCAGCTTCNNCCCGGAAATCTC
H5_RevPool,H5-rev-mut522,NNG,ACGGACTCCAGCNNAACCCCGGAAA
H5_RevPool,H5-rev-mut523,NNG,CCAACGGACTCCNNCTTAACCCCGG
H5_RevPool,H5-rev-mut524,NNG,TGTGCCAACGGACNNCAGCTTAACCC
H5_RevPool,H5-rev-mut525,NNG,TGATATGTGCCAACCNNCTCCAGCTTAACC
H5_RevPool,H5-rev-mut526,NNG,GAATTTGATATGTGCCCNNGGACTCCAGCTTAAC
H5_RevPool,H5-rev-mut527,NNG,TACTAAGAATTTGATATGTCNNAACGGACTCCAGCTTAACC
H5_RevPool,H5-rev-mut528,NNG,TACTAAGAATTTGATACNNGCCAACGGACTCCAG
H5_RevPool,H5-rev-mut529,NNG,TATATACTAAGAATTTGCNNTGTGCCAACGGACTCCA
H5_RevPool,H5-rev-mut530,NNG,TGGAGTATATACTAAGAATCNNATATGTGCCAACGGACTCC
H5_RevPool,H5-rev-mut531,NNG,GGTGGAGTATATACTAAGCNNTTGATATGTGCCAACGG
H5_RevPool,H5-rev-mut532,NNG,TGCGGTGGAGTATATACTCNNAATTTGATATGTGCCAA
H5_RevPool,H5-rev-mut533,NNG,GCTGCGGTGGAGTATATCNNAAGAATTTGATATGTGC
H5_RevPool,H5-rev-mut534,NNG,TGGCTGCGGTGGAGTACNNACTAAGAATTTGATAT
H5_RevPool,H5-rev-mut535,NNG,GCTGGCTGCGGTGGACNNTATACTAAGAATTTG
H5_RevPool,H5-rev-mut536,NNG,CTGCTGGCTGCGGTCNNGTATATACTAAGAA
H5_RevPool,H5-rev-mut537,NNG,GGCTGCTGGCTGCCNNGGAGTATATACTA
H5_RevPool,H5-rev-mut538,NNG,AGGCTGCTGGCCNNGGTGGAGTATA
H5_RevPool,H5-rev-mut539,NNG,GCGAGGCTGCTCNNTGCGGTGGAGT
H5_RevPool,H5-rev-mut540,NNG,AGCGCGAGGCTCNNGGCTGCGGTGG
H5_RevPool,H5-rev-mut541,NNG,GCGAGCGCGAGCNNGCTGGCTGCGG
H5_RevPool,H5-rev-mut542,NNG,ATGGCGAGCGCCNNGCTGCTGGCTG
H5_RevPool,H5-rev-mut543,NNG,ATTATGGCGAGCNNGAGGCTGCTGG
H5_RevPool,H5-rev-mut544,NNG,ATCATTATGGCCNNCGCGAGGCTGC
H5_RevPool,H5-rev-mut545,NNG,GCCATCATTATCNNGAGCGCGAGGC
H5_RevPool,H5-rev-mut546,NNG,CCGGCCATCATCNNGGCGAGCGCGA
H5_RevPool,H5-rev-mut547,NNG,AGTCCGGCCATCNNTATGGCGAGCG
H5_RevPool,H5-rev-mut548,NNG,CTCAGTCCGGCCNNCATTATGGCGA
H5_RevPool,H5-rev-mut549,NNG,AGAGGCTCAGTCCCNNCATCATTATGGC
H5_RevPool,H5-rev-mut550,NNG,CCAGAGGCTCAGCNNGGCCATCATTAT
H5_RevPool,H5-rev-mut551,NNG,ATCCAGAGGCTCNNTCCGGCCATCA
H5_RevPool,H5-rev-mut552,NNG,CACATCCAGAGCNNCAGTCCGGCCA
H5_RevPool,H5-rev-mut553,NNG,GCTACACATCCACNNGCTCAGTCCGG
H5_RevPool,H5-rev-mut554,NNG,CGTTGCTACACATCNNGAGGCTCAGTCC
H5_RevPool,H5-rev-mut555,NNG,CCGTTGCTACACNNCCAGAGGCTCA
H5_RevPool,H5-rev-mut556,NNG,GAACCGTTGCTCNNCATCCAGAGGC
H5_RevPool,H5-rev-mut557,NNG,GCAAGGAACCGTTCNNACACATCCAGAG
H5_RevPool,H5-rev-mut558,NNG,ATTGCAAGGAACCCNNGCTACACATCCAG
H5_RevPool,H5-rev-mut559,NNG,CGACATTGCAAGGACNNGTTGCTACACATC
H5_RevPool,H5-rev-mut560,NNG,GCGACATTGCAACNNACCGTTGCTACA
H5_RevPool,H5-rev-mut561,NNG,ATGCGACATTGCNNGGAACCGTTGC
H5_RevPool,H5-rev-mut562,NNG,ATACAAATGCGACACNNCAAGGAACCGTTG
H5_RevPool,H5-rev-mut563,NNG,attaGATACAAATGCGCNNTTGCAAGGAACCGTT
H5_RevPool,H5-rev-mut564,NNG,gcctattaGATACAAATCNNACATTGCAAGGAACCGT
H5_RevPool,H5-rev-mut565,NNG,gcctattaGATACACNNGCGACATTGCAAGG
H5_RevPool,H5-rev-mut566,NNG,cgcgcctattaGATCNNAATGCGACATTGC
H5_RevPool,H5-rev-mut567,NNG,gcgcgcctattaCNNACAAATGCGACA
