Pool name,Sequence
H5_ForPool,cgcgtgccaccNNGGAAAATATCGTG
H5_ForPool,cgtgccaccATGNNGAATATCGTGCTTT
H5_ForPool,gccaccATGGAANNGATCGTGCTTTTGC
H5_ForPool,caccATGGAAAATNNGGTGCTTTTGCTCG
H5_ForPool,ccATGGAAAATATCNNGCTTTTGCTCGCCATT
H5_ForPool,TGGAAAATATCGTGNNGTTGCTCGCCATTGT
H5_ForPool,AAAATATCGTGCTTNNGCTCGCCATTGTGTC
H5_ForPool,ATATCGTGCTTTTGNNGGCCATTGTGTCACTC
H5_ForPool,CGTGCTTTTGCTCNNGATTGTGTCACTCG
H5_ForPool,TTTTGCTCGCCNNGGTGTCACTCGT
H5_ForPool,TTTGCTCGCCATTNNGTCACTCGTGAAGT
H5_ForPool,TCGCCATTGTGNNGCTCGTGAAGTCC
H5_ForPool,GCCATTGTGTCANNGGTGAAGTCCGAC
H5_ForPool,CCATTGTGTCACTCNNGAAGTCCGACCAAATC
H5_ForPool,GTGTCACTCGTGNNGTCCGACCAAATCT
H5_ForPool,GTGTCACTCGTGAAGNNGGACCAAATCTGTATC
H5_ForPool,CACTCGTGAAGTCCNNGCAAATCTGTATCGG
H5_ForPool,CGTGAAGTCCGACNNGATCTGTATCGGGTA
H5_ForPool,TGAAGTCCGACCAANNGTGTATCGGGTATCAC
H5_ForPool,GTCCGACCAAATCNNGATCGGGTATCACG
H5_ForPool,GACCAAATCTGTNNGGGGTATCACGCCA
H5_ForPool,CGACCAAATCTGTATCNNGTATCACGCCAATAACTC
H5_ForPool,AAATCTGTATCGGGNNGCACGCCAATAACTC
H5_ForPool,CAAATCTGTATCGGGTATNNGGCCAATAACTCTACTGAA
H5_ForPool,ATCTGTATCGGGTATCACNNGAATAACTCTACTGAACAGG
H5_ForPool,CGGGTATCACGCCNNGAACTCTACTGAAC
H5_ForPool,GGTATCACGCCAATNNGTCTACTGAACAGGTG
H5_ForPool,TATCACGCCAATAACNNGACTGAACAGGTGGATA
H5_ForPool,ACGCCAATAACTCTNNGGAACAGGTGGATAC
H5_ForPool,CGCCAATAACTCTACTNNGCAGGTGGATACCATTAT
H5_ForPool,GCCAATAACTCTACTGAANNGGTGGATACCATTATGGAG
H5_ForPool,CCAATAACTCTACTGAACAGNNGGATACCATTATGGAGAAGAA
H5_ForPool,ACTCTACTGAACAGGTGNNGACCATTATGGAGAAGAA
H5_ForPool,TCTACTGAACAGGTGGATNNGATTATGGAGAAGAATGTG
H5_ForPool,GAACAGGTGGATACCNNGATGGAGAAGAATGTGA
H5_ForPool,CAGGTGGATACCATTNNGGAGAAGAATGTGACC
H5_ForPool,GGTGGATACCATTATGNNGAAGAATGTGACCGTGA
H5_ForPool,GATACCATTATGGAGNNGAATGTGACCGTGACC
H5_ForPool,CATTATGGAGAAGNNGGTGACCGTGACCC
H5_ForPool,TATGGAGAAGAATNNGACCGTGACCCACG
H5_ForPool,AGAAGAATGTGNNGGTGACCCACGCG
H5_ForPool,AGAATGTGACCNNGACCCACGCGCA
H5_ForPool,ATGTGACCGTGNNGCACGCGCAGGA
H5_ForPool,TGACCGTGACCNNGGCGCAGGATAT
H5_ForPool,TGACCGTGACCCACNNGCAGGATATTTTAGA
H5_ForPool,CGTGACCCACGCGNNGGATATTTTAGAGAA
H5_ForPool,GACCCACGCGCAGNNGATTTTAGAGAAGAC
H5_ForPool,CCACGCGCAGGATNNGTTAGAGAAGACTC
H5_ForPool,CACGCGCAGGATATTNNGGAGAAGACTCATAATG
H5_ForPool,CGCGCAGGATATTTTANNGAAGACTCATAATGGCAA
H5_ForPool,GCGCAGGATATTTTAGAGNNGACTCATAATGGCAAATTA
H5_ForPool,GCAGGATATTTTAGAGAAGNNGCATAATGGCAAATTATGCG
H5_ForPool,GGATATTTTAGAGAAGACTNNGAATGGCAAATTATGCGACT
H5_ForPool,TTTTAGAGAAGACTCATNNGGGCAAATTATGCGACTTG
H5_ForPool,TTTTAGAGAAGACTCATAATNNGAAATTATGCGACTTGAACGG
H5_ForPool,AAGACTCATAATGGCNNGTTATGCGACTTGAACG
H5_ForPool,CTCATAATGGCAAANNGTGCGACTTGAACGG
H5_ForPool,CTCATAATGGCAAATTANNGGACTTGAACGGCGTTAA
H5_ForPool,TAATGGCAAATTATGCNNGTTGAACGGCGTTAAAC
H5_ForPool,CAAATTATGCGACNNGAACGGCGTTAAACC
H5_ForPool,ATTATGCGACTTGNNGGGCGTTAAACCCC
H5_ForPool,AATTATGCGACTTGAACNNGGTTAAACCCCTCATACT
H5_ForPool,GACTTGAACGGCNNGAAACCCCTCATAC
H5_ForPool,TTGAACGGCGTTNNGCCCCTCATACTC
H5_ForPool,CTTGAACGGCGTTAAANNGCTCATACTCAAAGACT
H5_ForPool,ACGGCGTTAAACCCNNGATACTCAAAGACTG
H5_ForPool,CGTTAAACCCCTCNNGCTCAAAGACTGCT
H5_ForPool,GTTAAACCCCTCATANNGAAAGACTGCTCTGTGG
H5_ForPool,CCCCTCATACTCNNGGACTGCTCTGTG
H5_ForPool,CCTCATACTCAAANNGTGCTCTGTGGCAGG
H5_ForPool,TCATACTCAAAGACNNGTCTGTGGCAGGTTG
H5_ForPool,TCAAAGACTGCNNGGTGGCAGGTTG
H5_ForPool,AAAGACTGCTCTNNGGCAGGTTGGCTG
H5_ForPool,ACTGCTCTGTGNNGGGTTGGCTGCT
H5_ForPool,GCTCTGTGGCANNGTGGCTGCTGGG
H5_ForPool,CTGTGGCAGGTNNGCTGCTGGGCAA
H5_ForPool,TGGCAGGTTGGNNGCTGGGCAATCC
H5_ForPool,CAGGTTGGCTGNNGGGCAATCCCAT
H5_ForPool,GGTTGGCTGCTGNNGAATCCCATGTGT
H5_ForPool,GGCTGCTGGGCNNGCCCATGTGTGA
H5_ForPool,CTGCTGGGCAATNNGATGTGTGATGAGT
H5_ForPool,GCTGGGCAATCCCNNGTGTGATGAGTTTAT
H5_ForPool,TGGGCAATCCCATGNNGGATGAGTTTATTCG
H5_ForPool,GCAATCCCATGTGTNNGGAGTTTATTCGGGTA
H5_ForPool,CAATCCCATGTGTGATNNGTTTATTCGGGTACCTG
H5_ForPool,CCATGTGTGATGAGNNGATTCGGGTACCTGA
H5_ForPool,GTGTGATGAGTTTNNGCGGGTACCTGAGTG
H5_ForPool,TGTGTGATGAGTTTATTNNGGTACCTGAGTGGAGTTA
H5_ForPool,GTGATGAGTTTATTCGGNNGCCTGAGTGGAGTTATAT
H5_ForPool,TGATGAGTTTATTCGGGTANNGGAGTGGAGTTATATTGTTG
H5_ForPool,TGAGTTTATTCGGGTACCTNNGTGGAGTTATATTGTTGAAA
H5_ForPool,GTTTATTCGGGTACCTGAGNNGAGTTATATTGTTGAAAGAGC
H5_ForPool,TCGGGTACCTGAGTGGNNGTATATTGTTGAAAGAG
H5_ForPool,GTACCTGAGTGGAGTNNGATTGTTGAAAGAGCC
H5_ForPool,CCTGAGTGGAGTTATNNGGTTGAAAGAGCCAATC
H5_ForPool,TGAGTGGAGTTATATTNNGGAAAGAGCCAATCCCG
H5_ForPool,GGAGTTATATTGTTNNGAGAGCCAATCCCGCG
H5_ForPool,AGTTATATTGTTGAANNGGCCAATCCCGCGAAC
H5_ForPool,GAGTTATATTGTTGAAAGANNGAATCCCGCGAACGATTTAT
H5_ForPool,TTGAAAGAGCCNNGCCCGCGAACGA
H5_ForPool,GTTGAAAGAGCCAATNNGGCGAACGATTTATGC
H5_ForPool,TGAAAGAGCCAATCCCNNGAACGATTTATGCTATC
H5_ForPool,AGCCAATCCCGCGNNGGATTTATGCTATC
H5_ForPool,AATCCCGCGAACNNGTTATGCTATCCCG
H5_ForPool,CCGCGAACGATNNGTGCTATCCCGG
H5_ForPool,GCGAACGATTTANNGTATCCCGGCAGTC
H5_ForPool,AACGATTTATGCNNGCCCGGCAGTCTTA
H5_ForPool,CGAACGATTTATGCTATNNGGGCAGTCTTAACGATTA
H5_ForPool,ACGATTTATGCTATCCCNNGAGTCTTAACGATTACGA
H5_ForPool,ATGCTATCCCGGCNNGCTTAACGATTACG
H5_ForPool,CTATCCCGGCAGTNNGAACGATTACGAGGA
H5_ForPool,CCCGGCAGTCTTNNGGATTACGAGGAG
H5_ForPool,CCGGCAGTCTTAACNNGTACGAGGAGTTAAAG
H5_ForPool,GGCAGTCTTAACGATNNGGAGGAGTTAAAGCAC
H5_ForPool,CAGTCTTAACGATTACNNGGAGTTAAAGCACATGCT
H5_ForPool,GTCTTAACGATTACGAGNNGTTAAAGCACATGCTGTC
H5_ForPool,CGATTACGAGGAGNNGAAGCACATGCTGTC
H5_ForPool,GATTACGAGGAGTTANNGCACATGCTGTCAAGG
H5_ForPool,ATTACGAGGAGTTAAAGNNGATGCTGTCAAGGATCAA
H5_ForPool,GAGGAGTTAAAGCACNNGCTGTCAAGGATCAAC
H5_ForPool,GAGTTAAAGCACATGNNGTCAAGGATCAACCACT
H5_ForPool,TTAAAGCACATGCTGNNGAGGATCAACCACTTC
H5_ForPool,GCACATGCTGTCANNGATCAACCACTTCGA
H5_ForPool,CATGCTGTCAAGGNNGAACCACTTCGAGAA
H5_ForPool,ATGCTGTCAAGGATCNNGCACTTCGAGAAAATC
H5_ForPool,CTGTCAAGGATCAACNNGTTCGAGAAAATCCTCA
H5_ForPool,TGTCAAGGATCAACCACNNGGAGAAAATCCTCATTAT
H5_ForPool,CAAGGATCAACCACTTCNNGAAAATCCTCATTATCCC
H5_ForPool,GATCAACCACTTCGAGNNGATCCTCATTATCCCAAA
H5_ForPool,TCAACCACTTCGAGAAANNGCTCATTATCCCAAAATC
H5_ForPool,ACCACTTCGAGAAAATCNNGATTATCCCAAAATCAAGC
H5_ForPool,CTTCGAGAAAATCCTCNNGATCCCAAAATCAAGCTG
H5_ForPool,GAGAAAATCCTCATTNNGCCAAAATCAAGCTGGC
H5_ForPool,AGAAAATCCTCATTATCNNGAAATCAAGCTGGCCTAAC
H5_ForPool,ATCCTCATTATCCCANNGTCAAGCTGGCCTAAC
H5_ForPool,CTCATTATCCCAAAANNGAGCTGGCCTAACCAC
H5_ForPool,ATTATCCCAAAATCANNGTGGCCTAACCACGAGA
H5_ForPool,CCCAAAATCAAGCNNGCCTAACCACGAGA
H5_ForPool,AAAATCAAGCTGGNNGAACCACGAGACCAG
H5_ForPool,CAAGCTGGCCTNNGCACGAGACCAG
H5_ForPool,GCTGGCCTAACNNGGAGACCAGCCT
H5_ForPool,GGCCTAACCACNNGACCAGCCTGGG
H5_ForPool,CTAACCACGAGNNGAGCCTGGGCGT
H5_ForPool,ACCACGAGACCNNGCTGGGCGTATC
H5_ForPool,ACGAGACCAGCNNGGGCGTATCTGC
H5_ForPool,AGACCAGCCTGNNGGTATCTGCTGC
H5_ForPool,CCAGCCTGGGCNNGTCTGCTGCCTG
H5_ForPool,GCCTGGGCGTANNGGCTGCCTGCCC
H5_ForPool,TGGGCGTATCTNNGGCCTGCCCCTA
H5_ForPool,GGCGTATCTGCTNNGTGCCCCTATCAAG
H5_ForPool,GTATCTGCTGCCNNGCCCTATCAAGGC
H5_ForPool,CTGCTGCCTGCNNGTATCAAGGCGC
H5_ForPool,CTGCCTGCCCCNNGCAAGGCGCCCC
H5_ForPool,CCTGCCCCTATNNGGGCGCCCCTAG
H5_ForPool,GCCCCTATCAANNGGCCCCTAGCTTC
H5_ForPool,CCCCTATCAAGGCNNGCCTAGCTTCTTTAG
H5_ForPool,CTATCAAGGCGCCNNGAGCTTCTTTAGGAA
H5_ForPool,CAAGGCGCCCCTNNGTTCTTTAGGAAC
H5_ForPool,GCGCCCCTAGCNNGTTTAGGAACGT
H5_ForPool,CCCCTAGCTTCNNGAGGAACGTCGTC
H5_ForPool,CCCTAGCTTCTTTNNGAACGTCGTCTGGTT
H5_ForPool,CCCTAGCTTCTTTAGGNNGGTCGTCTGGTTAATTAA
H5_ForPool,CCTAGCTTCTTTAGGAACNNGGTCTGGTTAATTAAGAAGA
H5_ForPool,AGCTTCTTTAGGAACGTCNNGTGGTTAATTAAGAAGAATG
H5_ForPool,TTCTTTAGGAACGTCGTCNNGTTAATTAAGAAGAATGACG
H5_ForPool,TAGGAACGTCGTCTGGNNGATTAAGAAGAATGACG
H5_ForPool,ACGTCGTCTGGTTANNGAAGAAGAATGACGC
H5_ForPool,CGTCGTCTGGTTAATTNNGAAGAATGACGCCTATC
H5_ForPool,CGTCTGGTTAATTAAGNNGAATGACGCCTATCCCA
H5_ForPool,TCTGGTTAATTAAGAAGNNGGACGCCTATCCCACTAT
H5_ForPool,GTCTGGTTAATTAAGAAGAATNNGGCCTATCCCACTATTAAAATCT
H5_ForPool,GTCTGGTTAATTAAGAAGAATGACNNGTATCCCACTATTAAAATCTCTTAT
H5_ForPool,TTAAGAAGAATGACGCCNNGCCCACTATTAAAATCTC
H5_ForPool,TTAATTAAGAAGAATGACGCCTATNNGACTATTAAAATCTCTTATAACAAC
H5_ForPool,AGAAGAATGACGCCTATCCCNNGATTAAAATCTCTTATAACAA
H5_ForPool,AATGACGCCTATCCCACTNNGAAAATCTCTTATAACAACA
H5_ForPool,GACGCCTATCCCACTATTNNGATCTCTTATAACAACACT
H5_ForPool,CGCCTATCCCACTATTAAANNGTCTTATAACAACACTAACCG
H5_ForPool,CTATCCCACTATTAAAATCNNGTATAACAACACTAACCGCG
H5_ForPool,CCACTATTAAAATCTCTNNGAACAACACTAACCGCGA
H5_ForPool,ACTATTAAAATCTCTTATNNGAACACTAACCGCGAGGACC
H5_ForPool,TTAAAATCTCTTATAACNNGACTAACCGCGAGGACCT
H5_ForPool,TCTCTTATAACAACNNGAACCGCGAGGACCT
H5_ForPool,TTATAACAACACTNNGCGCGAGGACCTGC
H5_ForPool,CTTATAACAACACTAACNNGGAGGACCTGCTGATCTT
H5_ForPool,AACACTAACCGCNNGGACCTGCTGATC
H5_ForPool,ACTAACCGCGAGNNGCTGCTGATCTTG
H5_ForPool,ACCGCGAGGACNNGCTGATCTTGTG
H5_ForPool,GCGAGGACCTGNNGATCTTGTGGGG
H5_ForPool,AGGACCTGCTGNNGTTGTGGGGCAT
H5_ForPool,GACCTGCTGATCNNGTGGGGCATACAC
H5_ForPool,CTGCTGATCTTGNNGGGCATACACCACT
H5_ForPool,CCTGCTGATCTTGTGGNNGATACACCACTCAAATA
H5_ForPool,GATCTTGTGGGGCNNGCACCACTCAAATAA
H5_ForPool,TCTTGTGGGGCATANNGCACTCAAATAACGC
H5_ForPool,TGGGGCATACACNNGTCAAATAACGCC
H5_ForPool,GGCATACACCACNNGAATAACGCCGAG
H5_ForPool,CATACACCACTCANNGAACGCCGAGGAAC
H5_ForPool,TACACCACTCAAATNNGGCCGAGGAACAAAC
H5_ForPool,CACCACTCAAATAACNNGGAGGAACAAACCAAC
H5_ForPool,ACTCAAATAACGCCNNGGAACAAACCAACCTT
H5_ForPool,CTCAAATAACGCCGAGNNGCAAACCAACCTTTATAA
H5_ForPool,CAAATAACGCCGAGGAANNGACCAACCTTTATAAGAA
H5_ForPool,ATAACGCCGAGGAACAANNGAACCTTTATAAGAATCCC
H5_ForPool,CCGAGGAACAAACCNNGCTTTATAAGAATCCC
H5_ForPool,CGAGGAACAAACCAACNNGTATAAGAATCCCACTAC
H5_ForPool,GAACAAACCAACCTTNNGAAGAATCCCACTACGT
H5_ForPool,GGAACAAACCAACCTTTATNNGAATCCCACTACGTATATCT
H5_ForPool,CAAACCAACCTTTATAAGNNGCCCACTACGTATATCTCT
H5_ForPool,AAACCAACCTTTATAAGAATNNGACTACGTATATCTCTGTGGG
H5_ForPool,ACCTTTATAAGAATCCCNNGACGTATATCTCTGTGGGC
H5_ForPool,CTTTATAAGAATCCCACTNNGTATATCTCTGTGGGCACT
H5_ForPool,GAATCCCACTACGNNGATCTCTGTGGGCA
H5_ForPool,ATCCCACTACGTATNNGTCTGTGGGCACTAG
H5_ForPool,CACTACGTATATCNNGGTGGGCACTAGCAC
H5_ForPool,ACTACGTATATCTCTNNGGGCACTAGCACCTTGA
H5_ForPool,CTACGTATATCTCTGTGNNGACTAGCACCTTGAATCAA
H5_ForPool,TATATCTCTGTGGGCNNGAGCACCTTGAATCAA
H5_ForPool,CTCTGTGGGCACTNNGACCTTGAATCAAC
H5_ForPool,GTGGGCACTAGCNNGTTGAATCAACGG
H5_ForPool,GCACTAGCACCNNGAATCAACGGCTG
H5_ForPool,CTAGCACCTTGNNGCAACGGCTGGC
H5_ForPool,GCACCTTGAATNNGCGGCTGGCCCC
H5_ForPool,ACCTTGAATCAANNGCTGGCCCCCAAG
H5_ForPool,TTGAATCAACGGNNGGCCCCCAAGATTG
H5_ForPool,ATCAACGGCTGNNGCCCAAGATTGC
H5_ForPool,AACGGCTGGCCNNGAAGATTGCCAC
H5_ForPool,GGCTGGCCCCCNNGATTGCCACCCG
H5_ForPool,TGGCCCCCAAGNNGGCCACCCGCAG
H5_ForPool,CCCCCAAGATTNNGACCCGCAGTCAG
H5_ForPool,CCAAGATTGCCNNGCGCAGTCAGGT
H5_ForPool,CAAGATTGCCACCNNGAGTCAGGTGAATG
H5_ForPool,TTGCCACCCGCNNGCAGGTGAATGG
H5_ForPool,CCACCCGCAGTNNGGTGAATGGACA
H5_ForPool,ACCCGCAGTCAGNNGAATGGACAGAGA
H5_ForPool,GCAGTCAGGTGNNGGGACAGAGAGG
H5_ForPool,AGTCAGGTGAATNNGCAGAGAGGCAGGA
H5_ForPool,TCAGGTGAATGGANNGAGAGGCAGGATGG
H5_ForPool,GTGAATGGACAGNNGGGCAGGATGGATT
H5_ForPool,AGGTGAATGGACAGAGANNGAGGATGGATTTCTTTTG
H5_ForPool,AATGGACAGAGAGGCNNGATGGATTTCTTTTGG
H5_ForPool,GACAGAGAGGCAGGNNGGATTTCTTTTGGAC
H5_ForPool,ACAGAGAGGCAGGATGNNGTTCTTTTGGACTATAC
H5_ForPool,GAGAGGCAGGATGGATNNGTTTTGGACTATACTGAA
H5_ForPool,GGCAGGATGGATTTCNNGTGGACTATACTGAAG
H5_ForPool,CAGGATGGATTTCTTTNNGACTATACTGAAGCCGGA
H5_ForPool,ATGGATTTCTTTTGGNNGATACTGAAGCCGGAC
H5_ForPool,TTCTTTTGGACTNNGCTGAAGCCGGAC
H5_ForPool,CTTTTGGACTATANNGAAGCCGGACGACGC
H5_ForPool,GGACTATACTGNNGCCGGACGACGC
H5_ForPool,GGACTATACTGAAGNNGGACGACGCGATTCA
H5_ForPool,TATACTGAAGCCGNNGGACGCGATTCACT
H5_ForPool,TGAAGCCGGACNNGGCGATTCACTTT
H5_ForPool,TGAAGCCGGACGACNNGATTCACTTTGAATC
H5_ForPool,CGGACGACGCGNNGCACTTTGAATC
H5_ForPool,GGACGACGCGATTNNGTTTGAATCTAACGG
H5_ForPool,GACGCGATTCACNNGGAATCTAACGGC
H5_ForPool,ACGCGATTCACTTTNNGTCTAACGGCAACTT
H5_ForPool,GCGATTCACTTTGAANNGAACGGCAACTTTATCG
H5_ForPool,ATTCACTTTGAATCTNNGGGCAACTTTATCGCCC
H5_ForPool,TTCACTTTGAATCTAACNNGAACTTTATCGCCCCTGA
H5_ForPool,TGAATCTAACGGCNNGTTTATCGCCCCTG
H5_ForPool,CTAACGGCAACNNGATCGCCCCTGA
H5_ForPool,AACGGCAACTTTNNGGCCCCTGAGTAC
H5_ForPool,TAACGGCAACTTTATCNNGCCTGAGTACGCTTATAA
H5_ForPool,GGCAACTTTATCGCCNNGGAGTACGCTTATAAG
H5_ForPool,GCAACTTTATCGCCCCTNNGTACGCTTATAAGATAGT
H5_ForPool,CTTTATCGCCCCTGAGNNGGCTTATAAGATAGTGAA
H5_ForPool,TTTATCGCCCCTGAGTACNNGTATAAGATAGTGAAGAAGG
H5_ForPool,CCCCTGAGTACGCTNNGAAGATAGTGAAGAAG
H5_ForPool,CCCTGAGTACGCTTATNNGATAGTGAAGAAGGGTG
H5_ForPool,CTGAGTACGCTTATAAGNNGGTGAAGAAGGGTGATAG
H5_ForPool,TGAGTACGCTTATAAGATANNGAAGAAGGGTGATAGTACGA
H5_ForPool,TACGCTTATAAGATAGTGNNGAAGGGTGATAGTACGATCA
H5_ForPool,CGCTTATAAGATAGTGAAGNNGGGTGATAGTACGATCATGA
H5_ForPool,GCTTATAAGATAGTGAAGAAGNNGGATAGTACGATCATGAAGAGC
H5_ForPool,AGATAGTGAAGAAGGGTNNGAGTACGATCATGAAGAGC
H5_ForPool,GTGAAGAAGGGTGATNNGACGATCATGAAGAGC
H5_ForPool,AAGAAGGGTGATAGTNNGATCATGAAGAGCGGG
H5_ForPool,GGTGATAGTACGNNGATGAAGAGCGGGG
H5_ForPool,GTGATAGTACGATCNNGAAGAGCGGGGTTGA
H5_ForPool,GATAGTACGATCATGNNGAGCGGGGTTGAGTAC
H5_ForPool,TACGATCATGAAGNNGGGGGTTGAGTACGG
H5_ForPool,GATCATGAAGAGCNNGGTTGAGTACGGTCA
H5_ForPool,ATGAAGAGCGGGNNGGAGTACGGTCATT
H5_ForPool,ATGAAGAGCGGGGTTNNGTACGGTCATTGTAATA
H5_ForPool,GAGCGGGGTTGAGNNGGGTCATTGTAATAC
H5_ForPool,AGCGGGGTTGAGTACNNGCATTGTAATACAAAG
H5_ForPool,GGGGTTGAGTACGGTNNGTGTAATACAAAGTGC
H5_ForPool,GTTGAGTACGGTCATNNGAATACAAAGTGCCAGA
H5_ForPool,AGTACGGTCATTGTNNGACAAAGTGCCAGAC
H5_ForPool,ACGGTCATTGTAATNNGAAGTGCCAGACACC
H5_ForPool,GTCATTGTAATACANNGTGCCAGACACCGGTT
H5_ForPool,ATTGTAATACAAAGNNGCAGACACCGGTTGGG
H5_ForPool,TAATACAAAGTGCNNGACACCGGTTGGGG
H5_ForPool,CAAAGTGCCAGNNGCCGGTTGGGGC
H5_ForPool,AAAGTGCCAGACANNGGTTGGGGCAATTAA
H5_ForPool,GCCAGACACCGNNGGGGGCAATTAA
H5_ForPool,CCAGACACCGGTTNNGGCAATTAACTCATC
H5_ForPool,CAGACACCGGTTGGGNNGATTAACTCATCTATG
H5_ForPool,CCGGTTGGGGCANNGAACTCATCTATGC
H5_ForPool,GGTTGGGGCAATTNNGTCATCTATGCCCTT
H5_ForPool,GTTGGGGCAATTAACNNGTCTATGCCCTTTCATA
H5_ForPool,TTGGGGCAATTAACTCANNGATGCCCTTTCATAATATC
H5_ForPool,GGGCAATTAACTCATCTNNGCCCTTTCATAATATCCAC
H5_ForPool,GGGCAATTAACTCATCTATGNNGTTTCATAATATCCACCCATT
H5_ForPool,TTAACTCATCTATGCCCNNGCATAATATCCACCCATT
H5_ForPool,ACTCATCTATGCCCTTTNNGAATATCCACCCATTGAC
H5_ForPool,ATCTATGCCCTTTCATNNGATCCACCCATTGACAAT
H5_ForPool,TATGCCCTTTCATAATNNGCACCCATTGACAATCG
H5_ForPool,CCCTTTCATAATATCNNGCCATTGACAATCGGTG
H5_ForPool,CCTTTCATAATATCCACNNGTTGACAATCGGTGAGTG
H5_ForPool,TCATAATATCCACCCANNGACAATCGGTGAGTGTC
H5_ForPool,ATATCCACCCATTGNNGATCGGTGAGTGTCC
H5_ForPool,CACCCATTGACANNGGGTGAGTGTCCAA
H5_ForPool,CACCCATTGACAATCNNGGAGTGTCCAAAGTATG
H5_ForPool,CCCATTGACAATCGGTNNGTGTCCAAAGTATGTTAA
H5_ForPool,CATTGACAATCGGTGAGNNGCCAAAGTATGTTAAAAGC
H5_ForPool,TGACAATCGGTGAGTGTNNGAAGTATGTTAAAAGCAA
H5_ForPool,ACAATCGGTGAGTGTCCANNGTATGTTAAAAGCAATAAA
H5_ForPool,CGGTGAGTGTCCAAAGNNGGTTAAAAGCAATAAACT
H5_ForPool,GGTGAGTGTCCAAAGTATNNGAAAAGCAATAAACTGGTT
H5_ForPool,AGTGTCCAAAGTATGTTNNGAGCAATAAACTGGTTCTG
H5_ForPool,GTGTCCAAAGTATGTTAAANNGAATAAACTGGTTCTGGCAA
H5_ForPool,CAAAGTATGTTAAAAGCNNGAAACTGGTTCTGGCAAC
H5_ForPool,TATGTTAAAAGCAATNNGCTGGTTCTGGCAACG
H5_ForPool,GTTAAAAGCAATAAANNGGTTCTGGCAACGGGC
H5_ForPool,GCAATAAACTGNNGCTGGCAACGGG
H5_ForPool,CAATAAACTGGTTNNGGCAACGGGCCTTAG
H5_ForPool,ATAAACTGGTTCTGNNGACGGGCCTTAGGAA
H5_ForPool,CTGGTTCTGGCANNGGGCCTTAGGAAC
H5_ForPool,GTTCTGGCAACGNNGCTTAGGAACTCCC
H5_ForPool,TGGCAACGGGCNNGAGGAACTCCCC
H5_ForPool,CAACGGGCCTTNNGAACTCCCCACTC
H5_ForPool,CGGGCCTTAGGNNGTCCCCACTCCG
H5_ForPool,GCCTTAGGAACNNGCCACTCCGCGA
H5_ForPool,CTTAGGAACTCCNNGCTCCGCGAGAAAA
H5_ForPool,GGAACTCCCCANNGCGCGAGAAAAGA
H5_ForPool,GGAACTCCCCACTCNNGGAGAAAAGAAGGAA
H5_ForPool,TCCCCACTCCGCNNGAAAAGAAGGAAG
H5_ForPool,CACTCCGCGAGNNGAGAAGGAAGCG
H5_ForPool,TCCGCGAGAAANNGAGGAAGCGGGG
H5_ForPool,GCGAGAAAAGANNGAAGCGGGGTCTC
H5_ForPool,GAGAAAAGAAGGNNGCGGGGTCTCTTCG
H5_ForPool,GAAAAGAAGGAAGNNGGGTCTCTTCGGTGC
H5_ForPool,GAAGGAAGCGGNNGCTCTTCGGTGC
H5_ForPool,GGAAGCGGGGTNNGTTCGGTGCTATT
H5_ForPool,AGCGGGGTCTCNNGGGTGCTATTGC
H5_ForPool,GGGGTCTCTTCNNGGCTATTGCCGG
H5_ForPool,GTCTCTTCGGTNNGATTGCCGGCTTC
H5_ForPool,TCTTCGGTGCTNNGGCCGGCTTCAT
H5_ForPool,TCTTCGGTGCTATTNNGGGCTTCATTGAAGG
H5_ForPool,CGGTGCTATTGCCNNGTTCATTGAAGGTG
H5_ForPool,CTATTGCCGGCNNGATTGAAGGTGGG
H5_ForPool,TTGCCGGCTTCNNGGAAGGTGGGTG
H5_ForPool,CCGGCTTCATTNNGGGTGGGTGGCA
H5_ForPool,GCTTCATTGAANNGGGGTGGCAAGGC
H5_ForPool,CTTCATTGAAGGTNNGTGGCAAGGCATGG
H5_ForPool,TTGAAGGTGGGNNGCAAGGCATGGT
H5_ForPool,AAGGTGGGTGGNNGGGCATGGTGGA
H5_ForPool,GTGGGTGGCAANNGATGGTGGACGG
H5_ForPool,GGTGGCAAGGCNNGGTGGACGGCTG
H5_ForPool,GGCAAGGCATGNNGGACGGCTGGTA
H5_ForPool,AAGGCATGGTGNNGGGCTGGTACGG
H5_ForPool,GCATGGTGGACNNGTGGTACGGCTAT
H5_ForPool,TGGTGGACGGCNNGTACGGCTATCA
H5_ForPool,TGGACGGCTGGNNGGGCTATCACCA
H5_ForPool,GACGGCTGGTACNNGTATCACCACTCAA
H5_ForPool,GCTGGTACGGCNNGCACCACTCAAA
H5_ForPool,CTGGTACGGCTATNNGCACTCAAACGAACA
H5_ForPool,GTACGGCTATCACNNGTCAAACGAACAAGG
H5_ForPool,CGGCTATCACCACNNGAACGAACAAGGATC
H5_ForPool,GCTATCACCACTCANNGGAACAAGGATCTGGA
H5_ForPool,TATCACCACTCAAACNNGCAAGGATCTGGATAC
H5_ForPool,CCACTCAAACGAANNGGGATCTGGATACGC
H5_ForPool,CTCAAACGAACAANNGTCTGGATACGCCG
H5_ForPool,ACGAACAAGGANNGGGATACGCCGC
H5_ForPool,GAACAAGGATCTNNGTACGCCGCCGATA
H5_ForPool,CAAGGATCTGGANNGGCCGCCGATAAG
H5_ForPool,CAAGGATCTGGATACNNGGCCGATAAGGAAAGTA
H5_ForPool,GGATCTGGATACGCCNNGGATAAGGAAAGTACA
H5_ForPool,GGATACGCCGCCNNGAAGGAAAGTACA
H5_ForPool,TACGCCGCCGATNNGGAAAGTACACAG
H5_ForPool,CGCCGCCGATAAGNNGAGTACACAGAAAG
H5_ForPool,CGCCGATAAGGAANNGACACAGAAAGCCAT
H5_ForPool,CCGATAAGGAAAGTNNGCAGAAAGCCATTGAC
H5_ForPool,GATAAGGAAAGTACANNGAAAGCCATTGACGGCG
H5_ForPool,GAAAGTACACAGNNGGCCATTGACGGC
H5_ForPool,GAAAGTACACAGAAANNGATTGACGGCGTCACAA
H5_ForPool,CACAGAAAGCCNNGGACGGCGTCAC
H5_ForPool,CAGAAAGCCATTNNGGGCGTCACAAACA
H5_ForPool,CAGAAAGCCATTGACNNGGTCACAAACAAAGTG
H5_ForPool,GCCATTGACGGCNNGACAAACAAAGTGA
H5_ForPool,CCATTGACGGCGTCNNGAACAAAGTGAATAG
H5_ForPool,CATTGACGGCGTCACANNGAAAGTGAATAGCATAAT
H5_ForPool,ACGGCGTCACAAACNNGGTGAATAGCATAAT
H5_ForPool,ACGGCGTCACAAACAAANNGAATAGCATAATCGATAA
H5_ForPool,GCGTCACAAACAAAGTGNNGAGCATAATCGATAAGAT
H5_ForPool,GCGTCACAAACAAAGTGAATNNGATAATCGATAAGATGAATACA
H5_ForPool,CACAAACAAAGTGAATAGCNNGATCGATAAGATGAATACACA
H5_ForPool,ACAAACAAAGTGAATAGCATANNGGATAAGATGAATACACAGTTCG
H5_ForPool,CAAAGTGAATAGCATAATCNNGAAGATGAATACACAGTTCGA
H5_ForPool,AGTGAATAGCATAATCGATNNGATGAATACACAGTTCGAAGC
H5_ForPool,AATAGCATAATCGATAAGNNGAATACACAGTTCGAAGCCG
H5_ForPool,CATAATCGATAAGATGNNGACACAGTTCGAAGCCG
H5_ForPool,ATCGATAAGATGAATNNGCAGTTCGAAGCCGTC
H5_ForPool,GATAAGATGAATACANNGTTCGAAGCCGTCGGG
H5_ForPool,ATGAATACACAGNNGGAAGCCGTCGGGA
H5_ForPool,ATACACAGTTCNNGGCCGTCGGGAG
H5_ForPool,TGAATACACAGTTCGAANNGGTCGGGAGAGAATTTAA
H5_ForPool,CACAGTTCGAAGCCNNGGGGAGAGAATTTAAC
H5_ForPool,ACAGTTCGAAGCCGTCNNGAGAGAATTTAACAATC
H5_ForPool,CGAAGCCGTCGGGNNGGAATTTAACAATCT
H5_ForPool,AAGCCGTCGGGAGANNGTTTAACAATCTCGA
H5_ForPool,CGTCGGGAGAGAANNGAACAATCTCGAGAG
H5_ForPool,TCGGGAGAGAATTTNNGAATCTCGAGAGACG
H5_ForPool,GGAGAGAATTTAACNNGCTCGAGAGACGCATT
H5_ForPool,GGGAGAGAATTTAACAATNNGGAGAGACGCATTGAAAAC
H5_ForPool,AGAGAATTTAACAATCTCNNGAGACGCATTGAAAACCTT
H5_ForPool,AGAATTTAACAATCTCGAGNNGCGCATTGAAAACCTTAATA
H5_ForPool,AGAGAATTTAACAATCTCGAGAGANNGATTGAAAACCTTAATAAGAAGATG
H5_ForPool,ACAATCTCGAGAGACGCNNGGAAAACCTTAATAAGAA
H5_ForPool,AATCTCGAGAGACGCATTNNGAACCTTAATAAGAAGATGG
H5_ForPool,TCGAGAGACGCATTGAANNGCTTAATAAGAAGATGGA
H5_ForPool,GAGAGACGCATTGAAAACNNGAATAAGAAGATGGAAGAT
H5_ForPool,ACGCATTGAAAACCTTNNGAAGAAGATGGAAGATGG
H5_ForPool,CGCATTGAAAACCTTAATNNGAAGATGGAAGATGGCTTT
H5_ForPool,ATTGAAAACCTTAATAAGNNGATGGAAGATGGCTTTCTGG
H5_ForPool,GAAAACCTTAATAAGAAGNNGGAAGATGGCTTTCTGGAC
H5_ForPool,CCTTAATAAGAAGATGNNGGATGGCTTTCTGGACGT
H5_ForPool,TTAATAAGAAGATGGAANNGGGCTTTCTGGACGTTTG
H5_ForPool,ATAAGAAGATGGAAGATNNGTTTCTGGACGTTTGGACT
H5_ForPool,TGGAAGATGGCNNGCTGGACGTTTG
H5_ForPool,ATGGAAGATGGCTTTNNGGACGTTTGGACTTAC
H5_ForPool,GAAGATGGCTTTCTGNNGGTTTGGACTTACAAC
H5_ForPool,TGGCTTTCTGGACNNGTGGACTTACAACG
H5_ForPool,CTTTCTGGACGTTNNGACTTACAACGCGGA
H5_ForPool,TGGACGTTTGGNNGTACAACGCGGAG
H5_ForPool,GACGTTTGGACTNNGAACGCGGAGTTG
H5_ForPool,GTTTGGACTTACNNGGCGGAGTTGCTG
H5_ForPool,TTGGACTTACAACNNGGAGTTGCTGGTGC
H5_ForPool,CTTACAACGCGNNGTTGCTGGTGCTG
H5_ForPool,ACAACGCGGAGNNGCTGGTGCTGAT
H5_ForPool,ACGCGGAGTTGNNGGTGCTGATGGA
H5_ForPool,GCGGAGTTGCTGNNGCTGATGGAGAAT
H5_ForPool,GGAGTTGCTGGTGNNGATGGAGAATGAACG
H5_ForPool,TGCTGGTGCTGNNGGAGAATGAACG
H5_ForPool,CTGGTGCTGATGNNGAATGAACGCACAT
H5_ForPool,GGTGCTGATGGAGNNGGAACGCACATTAG
H5_ForPool,GTGCTGATGGAGAATNNGCGCACATTAGACTTT
H5_ForPool,TGCTGATGGAGAATGAANNGACATTAGACTTTCACGA
H5_ForPool,ATGGAGAATGAACGCNNGTTAGACTTTCACGAC
H5_ForPool,AGAATGAACGCACANNGGACTTTCACGACAG
H5_ForPool,GAATGAACGCACATTANNGTTTCACGACAGTAACGT
H5_ForPool,CGCACATTAGACNNGCACGACAGTAACG
H5_ForPool,AACGCACATTAGACTTTNNGGACAGTAACGTTAAGAAT
H5_ForPool,CGCACATTAGACTTTCACNNGAGTAACGTTAAGAATCTG
H5_ForPool,CACATTAGACTTTCACGACNNGAACGTTAAGAATCTGTATG
H5_ForPool,ACATTAGACTTTCACGACAGTNNGGTTAAGAATCTGTATGATAAG
H5_ForPool,AGACTTTCACGACAGTAACNNGAAGAATCTGTATGATAAGG
H5_ForPool,TTTCACGACAGTAACGTTNNGAATCTGTATGATAAGGTGC
H5_ForPool,CGACAGTAACGTTAAGNNGCTGTATGATAAGGTGC
H5_ForPool,ACAGTAACGTTAAGAATNNGTATGATAAGGTGCGCCT
H5_ForPool,CGTTAAGAATCTGNNGGATAAGGTGCGCCT
H5_ForPool,GTTAAGAATCTGTATNNGAAGGTGCGCCTGCAA
H5_ForPool,GAATCTGTATGATNNGGTGCGCCTGCAACT
H5_ForPool,TCTGTATGATAAGNNGCGCCTGCAACTCC
H5_ForPool,TGTATGATAAGGTGNNGCTGCAACTCCGAGA
H5_ForPool,ATAAGGTGCGCNNGCAACTCCGAGA
H5_ForPool,AGGTGCGCCTGNNGCTCCGAGACAA
H5_ForPool,TGCGCCTGCAANNGCGAGACAACGC
H5_ForPool,GCCTGCAACTCNNGGACAACGCCAA
H5_ForPool,CTGCAACTCCGANNGAACGCCAAAGAAC
H5_ForPool,CAACTCCGAGACNNGGCCAAAGAACTTG
H5_ForPool,CAACTCCGAGACAACNNGAAAGAACTTGGAAATG
H5_ForPool,CGAGACAACGCCNNGGAACTTGGAAATG
H5_ForPool,AGACAACGCCAAANNGCTTGGAAATGGGT
H5_ForPool,AACGCCAAAGAANNGGGAAATGGGTGCT
H5_ForPool,CGCCAAAGAACTTNNGAATGGGTGCTTTGA
H5_ForPool,CCAAAGAACTTGGANNGGGGTGCTTTGAGTTT
H5_ForPool,GCCAAAGAACTTGGAAATNNGTGCTTTGAGTTTTACCAT
H5_ForPool,AAAGAACTTGGAAATGGGNNGTTTGAGTTTTACCATAAGT
H5_ForPool,CTTGGAAATGGGTGCNNGGAGTTTTACCATAAGT
H5_ForPool,GGAAATGGGTGCTTTNNGTTTTACCATAAGTGCG
H5_ForPool,TGGGTGCTTTGAGNNGTACCATAAGTGCG
H5_ForPool,GGTGCTTTGAGTTTNNGCATAAGTGCGACAAC
H5_ForPool,GCTTTGAGTTTTACNNGAAGTGCGACAACGAG
H5_ForPool,TTGAGTTTTACCATNNGTGCGACAACGAGTG
H5_ForPool,GAGTTTTACCATAAGNNGGACAACGAGTGCATGG
H5_ForPool,TTTTACCATAAGTGCNNGAACGAGTGCATGGAG
H5_ForPool,CATAAGTGCGACNNGGAGTGCATGGAGT
H5_ForPool,AGTGCGACAACNNGTGCATGGAGTC
H5_ForPool,GCGACAACGAGNNGATGGAGTCCGTT
H5_ForPool,GACAACGAGTGCNNGGAGTCCGTTAGG
H5_ForPool,AACGAGTGCATGNNGTCCGTTAGGAACG
H5_ForPool,GAGTGCATGGAGNNGGTTAGGAACGGC
H5_ForPool,GCATGGAGTCCNNGAGGAACGGCAC
H5_ForPool,ATGGAGTCCGTTNNGAACGGCACCTAC
H5_ForPool,GAGTCCGTTAGGNNGGGCACCTACGATT
H5_ForPool,GAGTCCGTTAGGAACNNGACCTACGATTATCCAC
H5_ForPool,CGTTAGGAACGGCNNGTACGATTATCCACA
H5_ForPool,GTTAGGAACGGCACCNNGGATTATCCACAATAC
H5_ForPool,GGAACGGCACCTACNNGTATCCACAATACTCT
H5_ForPool,CGGCACCTACGATNNGCCACAATACTCTG
H5_ForPool,GGCACCTACGATTATNNGCAATACTCTGAAGAGG
H5_ForPool,ACCTACGATTATCCANNGTACTCTGAAGAGGCG
H5_ForPool,CGATTATCCACAANNGTCTGAAGAGGCGCG
H5_ForPool,TATCCACAATACNNGGAAGAGGCGCGG
H5_ForPool,CACAATACTCTNNGGAGGCGCGGCT
H5_ForPool,CAATACTCTGAANNGGCGCGGCTGAAG
H5_ForPool,ACTCTGAAGAGNNGCGGCTGAAGCG
H5_ForPool,CTGAAGAGGCGNNGCTGAAGCGCGA
H5_ForPool,AAGAGGCGCGGNNGAAGCGCGAGGA
H5_ForPool,AGGCGCGGCTGNNGCGCGAGGAGAT
H5_ForPool,CGCGGCTGAAGNNGGAGGAGATTTCC
H5_ForPool,GGCTGAAGCGCNNGGAGATTTCCGG
H5_ForPool,TGAAGCGCGAGNNGATTTCCGGGGT
H5_ForPool,AGCGCGAGGAGNNGTCCGGGGTTAA
H5_ForPool,CGCGAGGAGATTNNGGGGGTTAAGCTG
H5_ForPool,CGAGGAGATTTCCNNGGTTAAGCTGGAGTC
H5_ForPool,GAGATTTCCGGGNNGAAGCTGGAGTCC
H5_ForPool,TTTCCGGGGTTNNGCTGGAGTCCGT
H5_ForPool,CCGGGGTTAAGNNGGAGTCCGTTGG
H5_ForPool,GGGTTAAGCTGNNGTCCGTTGGCACA
H5_ForPool,GGTTAAGCTGGAGNNGGTTGGCACATATCA
H5_ForPool,GTTAAGCTGGAGTCCNNGGGCACATATCAAATTC
H5_ForPool,GGTTAAGCTGGAGTCCGTTNNGACATATCAAATTCTTAGTA
H5_ForPool,CTGGAGTCCGTTGGCNNGTATCAAATTCTTAGTA
H5_ForPool,TGGAGTCCGTTGGCACANNGCAAATTCTTAGTATATA
H5_ForPool,GGAGTCCGTTGGCACATATNNGATTCTTAGTATATACTCCA
H5_ForPool,CCGTTGGCACATATCAANNGCTTAGTATATACTCCACC
H5_ForPool,TTGGCACATATCAAATTNNGAGTATATACTCCACCGCA
H5_ForPool,GCACATATCAAATTCTTNNGATATACTCCACCGCAGC
H5_ForPool,ATATCAAATTCTTAGTNNGTACTCCACCGCAGCCA
H5_ForPool,CAAATTCTTAGTATANNGTCCACCGCAGCCAGC
H5_ForPool,TTCTTAGTATATACNNGACCGCAGCCAGCAG
H5_ForPool,TAGTATATACTCCNNGGCAGCCAGCAGCC
H5_ForPool,TATACTCCACCNNGGCCAGCAGCCT
H5_ForPool,ACTCCACCGCANNGAGCAGCCTCGC
H5_ForPool,CCACCGCAGCCNNGAGCCTCGCGCT
H5_ForPool,CCGCAGCCAGCNNGCTCGCGCTCGC
H5_ForPool,CAGCCAGCAGCNNGGCGCTCGCCAT
H5_ForPool,CCAGCAGCCTCNNGCTCGCCATAAT
H5_ForPool,GCAGCCTCGCGNNGGCCATAATGAT
H5_ForPool,GCCTCGCGCTCNNGATAATGATGGC
H5_ForPool,TCGCGCTCGCCNNGATGATGGCCGG
H5_ForPool,CGCTCGCCATANNGATGGCCGGACT
H5_ForPool,TCGCCATAATGNNGGCCGGACTGAG
H5_ForPool,GCCATAATGATGNNGGGACTGAGCCTCT
H5_ForPool,ATAATGATGGCCNNGCTGAGCCTCTGG
H5_ForPool,TGATGGCCGGANNGAGCCTCTGGAT
H5_ForPool,TGGCCGGACTGNNGCTCTGGATGTG
H5_ForPool,CCGGACTGAGCNNGTGGATGTGTAGC
H5_ForPool,GGACTGAGCCTCNNGATGTGTAGCAACG
H5_ForPool,TGAGCCTCTGGNNGTGTAGCAACGG
H5_ForPool,GCCTCTGGATGNNGAGCAACGGTTC
H5_ForPool,CTCTGGATGTGTNNGAACGGTTCCTTGC
H5_ForPool,CTGGATGTGTAGCNNGGGTTCCTTGCAAT
H5_ForPool,GATGTGTAGCAACNNGTCCTTGCAATGTCG
H5_ForPool,TGTAGCAACGGTNNGTTGCAATGTCGC
H5_ForPool,GCAACGGTTCCNNGCAATGTCGCAT
H5_ForPool,CAACGGTTCCTTGNNGTGTCGCATTTGTAT
H5_ForPool,AACGGTTCCTTGCAANNGCGCATTTGTATCtaat
H5_ForPool,ACGGTTCCTTGCAATGTNNGATTTGTATCtaataggc
H5_ForPool,CCTTGCAATGTCGCNNGTGTATCtaataggc
H5_ForPool,GCAATGTCGCATTNNGATCtaataggcgcg
H5_ForPool,TGTCGCATTTGTNNGtaataggcgcgc
H5_RevPool,CACGATATTTTCCNNggtggcacgcg
H5_RevPool,AAAGCACGATATTCNNCATggtggcacg
H5_RevPool,GCAAAAGCACGATCNNTTCCATggtggc
H5_RevPool,CGAGCAAAAGCACCNNATTTTCCATggtg
H5_RevPool,AATGGCGAGCAAAAGCNNGATATTTTCCATgg
H5_RevPool,ACAATGGCGAGCAACNNCACGATATTTTCCA
H5_RevPool,GACACAATGGCGAGCNNAAGCACGATATTTT
H5_RevPool,GAGTGACACAATGGCCNNCAAAAGCACGATAT
H5_RevPool,CGAGTGACACAATCNNGAGCAAAAGCACG
H5_RevPool,ACGAGTGACACCNNGGCGAGCAAAA
H5_RevPool,ACTTCACGAGTGACNNAATGGCGAGCAAA
H5_RevPool,GGACTTCACGAGCNNCACAATGGCGA
H5_RevPool,GTCGGACTTCACCNNTGACACAATGGC
H5_RevPool,GATTTGGTCGGACTTCNNGAGTGACACAATGG
H5_RevPool,AGATTTGGTCGGACNNCACGAGTGACAC
H5_RevPool,GATACAGATTTGGTCCNNCTTCACGAGTGACAC
H5_RevPool,CCGATACAGATTTGCNNGGACTTCACGAGTG
H5_RevPool,TACCCGATACAGATCNNGTCGGACTTCACG
H5_RevPool,GTGATACCCGATACACNNTTGGTCGGACTTCA
H5_RevPool,CGTGATACCCGATCNNGATTTGGTCGGAC
H5_RevPool,TGGCGTGATACCCCNNACAGATTTGGTC
H5_RevPool,GAGTTATTGGCGTGATACNNGATACAGATTTGGTCG
H5_RevPool,GAGTTATTGGCGTGCNNCCCGATACAGATTT
H5_RevPool,TTCAGTAGAGTTATTGGCCNNATACCCGATACAGATTTG
H5_RevPool,CCTGTTCAGTAGAGTTATTCNNGTGATACCCGATACAGAT
H5_RevPool,GTTCAGTAGAGTTCNNGGCGTGATACCCG
H5_RevPool,CACCTGTTCAGTAGACNNATTGGCGTGATACC
H5_RevPool,TATCCACCTGTTCAGTCNNGTTATTGGCGTGATA
H5_RevPool,GTATCCACCTGTTCCNNAGAGTTATTGGCGT
H5_RevPool,ATAATGGTATCCACCTGCNNAGTAGAGTTATTGGCG
H5_RevPool,CTCCATAATGGTATCCACCNNTTCAGTAGAGTTATTGGC
H5_RevPool,TTCTTCTCCATAATGGTATCCNNCTGTTCAGTAGAGTTATTGG
H5_RevPool,TTCTTCTCCATAATGGTCNNCACCTGTTCAGTAGAGT
H5_RevPool,CACATTCTTCTCCATAATCNNATCCACCTGTTCAGTAGA
H5_RevPool,TCACATTCTTCTCCATCNNGGTATCCACCTGTTC
H5_RevPool,GGTCACATTCTTCTCCNNAATGGTATCCACCTG
H5_RevPool,TCACGGTCACATTCTTCNNCATAATGGTATCCACC
H5_RevPool,GGTCACGGTCACATTCNNCTCCATAATGGTATC
H5_RevPool,GGGTCACGGTCACCNNCTTCTCCATAATG
H5_RevPool,CGTGGGTCACGGTCNNATTCTTCTCCATA
H5_RevPool,CGCGTGGGTCACCNNCACATTCTTCT
H5_RevPool,TGCGCGTGGGTCNNGGTCACATTCT
H5_RevPool,TCCTGCGCGTGCNNCACGGTCACAT
H5_RevPool,ATATCCTGCGCCNNGGTCACGGTCA
H5_RevPool,TCTAAAATATCCTGCNNGTGGGTCACGGTCA
H5_RevPool,TTCTCTAAAATATCCNNCGCGTGGGTCACG
H5_RevPool,GTCTTCTCTAAAATCNNCTGCGCGTGGGTC
H5_RevPool,GAGTCTTCTCTAACNNATCCTGCGCGTGG
H5_RevPool,CATTATGAGTCTTCTCCNNAATATCCTGCGCGTG
H5_RevPool,TTGCCATTATGAGTCTTCNNTAAAATATCCTGCGCG
H5_RevPool,TAATTTGCCATTATGAGTCNNCTCTAAAATATCCTGCGC
H5_RevPool,CGCATAATTTGCCATTATGCNNCTTCTCTAAAATATCCTGC
H5_RevPool,AGTCGCATAATTTGCCATTCNNAGTCTTCTCTAAAATATCC
H5_RevPool,CAAGTCGCATAATTTGCCCNNATGAGTCTTCTCTAAAA
H5_RevPool,CCGTTCAAGTCGCATAATTTCNNATTATGAGTCTTCTCTAAAA
H5_RevPool,CGTTCAAGTCGCATAACNNGCCATTATGAGTCTT
H5_RevPool,CCGTTCAAGTCGCACNNTTTGCCATTATGAG
H5_RevPool,TTAACGCCGTTCAAGTCCNNTAATTTGCCATTATGAG
H5_RevPool,GTTTAACGCCGTTCAACNNGCATAATTTGCCATTA
H5_RevPool,GGTTTAACGCCGTTCNNGTCGCATAATTTG
H5_RevPool,GGGGTTTAACGCCCNNCAAGTCGCATAAT
H5_RevPool,AGTATGAGGGGTTTAACCNNGTTCAAGTCGCATAATT
H5_RevPool,GTATGAGGGGTTTCNNGCCGTTCAAGTC
H5_RevPool,GAGTATGAGGGGCNNAACGCCGTTCAA
H5_RevPool,AGTCTTTGAGTATGAGCNNTTTAACGCCGTTCAAG
H5_RevPool,CAGTCTTTGAGTATCNNGGGTTTAACGCCGT
H5_RevPool,AGCAGTCTTTGAGCNNGAGGGGTTTAACG
H5_RevPool,CCACAGAGCAGTCTTTCNNTATGAGGGGTTTAAC
H5_RevPool,CACAGAGCAGTCCNNGAGTATGAGGGG
H5_RevPool,CCTGCCACAGAGCACNNTTTGAGTATGAGG
H5_RevPool,CAACCTGCCACAGACNNGTCTTTGAGTATGA
H5_RevPool,CAACCTGCCACCNNGCAGTCTTTGA
H5_RevPool,CAGCCAACCTGCCNNAGAGCAGTCTTT
H5_RevPool,AGCAGCCAACCCNNCACAGAGCAGT
H5_RevPool,CCCAGCAGCCACNNTGCCACAGAGC
H5_RevPool,TTGCCCAGCAGCNNACCTGCCACAG
H5_RevPool,GGATTGCCCAGCNNCCAACCTGCCA
H5_RevPool,ATGGGATTGCCCNNCAGCCAACCTG
H5_RevPool,ACACATGGGATTCNNCAGCAGCCAACC
H5_RevPool,TCACACATGGGCNNGCCCAGCAGCC
H5_RevPool,ACTCATCACACATCNNATTGCCCAGCAG
H5_RevPool,ATAAACTCATCACACNNGGGATTGCCCAGC
H5_RevPool,CGAATAAACTCATCCNNCATGGGATTGCCCA
H5_RevPool,TACCCGAATAAACTCCNNACACATGGGATTGC
H5_RevPool,CAGGTACCCGAATAAACNNATCACACATGGGATTG
H5_RevPool,TCAGGTACCCGAATCNNCTCATCACACATGG
H5_RevPool,CACTCAGGTACCCGCNNAAACTCATCACAC
H5_RevPool,TAACTCCACTCAGGTACCNNAATAAACTCATCACACA
H5_RevPool,ATATAACTCCACTCAGGCNNCCGAATAAACTCATCAC
H5_RevPool,CAACAATATAACTCCACTCCNNTACCCGAATAAACTCATCA
H5_RevPool,TTTCAACAATATAACTCCACNNAGGTACCCGAATAAACTCA
H5_RevPool,GCTCTTTCAACAATATAACTCNNCTCAGGTACCCGAATAAAC
H5_RevPool,CTCTTTCAACAATATACNNCCACTCAGGTACCCGA
H5_RevPool,GGCTCTTTCAACAATCNNACTCCACTCAGGTAC
H5_RevPool,GATTGGCTCTTTCAACCNNATAACTCCACTCAGG
H5_RevPool,CGGGATTGGCTCTTTCCNNAATATAACTCCACTCA
H5_RevPool,CGCGGGATTGGCTCTCNNAACAATATAACTCC
H5_RevPool,GTTCGCGGGATTGGCCNNTTCAACAATATAACT
H5_RevPool,ATAAATCGTTCGCGGGATTCNNTCTTTCAACAATATAACTC
H5_RevPool,TCGTTCGCGGGCNNGGCTCTTTCAA
H5_RevPool,GCATAAATCGTTCGCCNNATTGGCTCTTTCAAC
H5_RevPool,GATAGCATAAATCGTTCNNGGGATTGGCTCTTTCA
H5_RevPool,GATAGCATAAATCCNNCGCGGGATTGGCT
H5_RevPool,CGGGATAGCATAACNNGTTCGCGGGATT
H5_RevPool,CCGGGATAGCACNNATCGTTCGCGG
H5_RevPool,GACTGCCGGGATACNNTAAATCGTTCGC
H5_RevPool,TAAGACTGCCGGGCNNGCATAAATCGTT
H5_RevPool,TAATCGTTAAGACTGCCCNNATAGCATAAATCGTTCG
H5_RevPool,TCGTAATCGTTAAGACTCNNGGGATAGCATAAATCGT
H5_RevPool,CGTAATCGTTAAGCNNGCCGGGATAGCAT
H5_RevPool,TCCTCGTAATCGTTCNNACTGCCGGGATAG
H5_RevPool,CTCCTCGTAATCCNNAAGACTGCCGGG
H5_RevPool,CTTTAACTCCTCGTACNNGTTAAGACTGCCGG
H5_RevPool,GTGCTTTAACTCCTCCNNATCGTTAAGACTGCC
H5_RevPool,AGCATGTGCTTTAACTCCNNGTAATCGTTAAGACTG
H5_RevPool,GACAGCATGTGCTTTAACNNCTCGTAATCGTTAAGAC
H5_RevPool,GACAGCATGTGCTTCNNCTCCTCGTAATCG
H5_RevPool,CCTTGACAGCATGTGCNNTAACTCCTCGTAATC
H5_RevPool,TTGATCCTTGACAGCATCNNCTTTAACTCCTCGTAAT
H5_RevPool,GTTGATCCTTGACAGCNNGTGCTTTAACTCCTC
H5_RevPool,AGTGGTTGATCCTTGACNNCATGTGCTTTAACTC
H5_RevPool,GAAGTGGTTGATCCTCNNCAGCATGTGCTTTAA
H5_RevPool,TCGAAGTGGTTGATCNNTGACAGCATGTGC
H5_RevPool,TTCTCGAAGTGGTTCNNCCTTGACAGCATG
H5_RevPool,GATTTTCTCGAAGTGCNNGATCCTTGACAGCAT
H5_RevPool,TGAGGATTTTCTCGAACNNGTTGATCCTTGACAG
H5_RevPool,ATAATGAGGATTTTCTCCNNGTGGTTGATCCTTGACA
H5_RevPool,GGGATAATGAGGATTTTCNNGAAGTGGTTGATCCTTG
H5_RevPool,TTTGGGATAATGAGGATCNNCTCGAAGTGGTTGATC
H5_RevPool,GATTTTGGGATAATGAGCNNTTTCTCGAAGTGGTTGA
H5_RevPool,GCTTGATTTTGGGATAATCNNGATTTTCTCGAAGTGGT
H5_RevPool,CAGCTTGATTTTGGGATCNNGAGGATTTTCTCGAAG
H5_RevPool,GCCAGCTTGATTTTGGCNNAATGAGGATTTTCTC
H5_RevPool,GTTAGGCCAGCTTGATTTCNNGATAATGAGGATTTTCT
H5_RevPool,GTTAGGCCAGCTTGACNNTGGGATAATGAGGAT
H5_RevPool,GTGGTTAGGCCAGCTCNNTTTTGGGATAATGAG
H5_RevPool,TCTCGTGGTTAGGCCACNNTGATTTTGGGATAAT
H5_RevPool,TCTCGTGGTTAGGCNNGCTTGATTTTGGG
H5_RevPool,CTGGTCTCGTGGTTCNNCCAGCTTGATTTT
H5_RevPool,CTGGTCTCGTGCNNAGGCCAGCTTG
H5_RevPool,AGGCTGGTCTCCNNGTTAGGCCAGC
H5_RevPool,CCCAGGCTGGTCNNGTGGTTAGGCC
H5_RevPool,ACGCCCAGGCTCNNCTCGTGGTTAG
H5_RevPool,GATACGCCCAGCNNGGTCTCGTGGT
H5_RevPool,GCAGATACGCCCNNGCTGGTCTCGT
H5_RevPool,GCAGCAGATACCNNCAGGCTGGTCT
H5_RevPool,CAGGCAGCAGACNNGCCCAGGCTGG
H5_RevPool,GGGCAGGCAGCCNNTACGCCCAGGC
H5_RevPool,TAGGGGCAGGCCNNAGATACGCCCA
H5_RevPool,CTTGATAGGGGCACNNAGCAGATACGCC
H5_RevPool,GCCTTGATAGGGCNNGGCAGCAGATAC
H5_RevPool,GCGCCTTGATACNNGCAGGCAGCAG
H5_RevPool,GGGGCGCCTTGCNNGGGGCAGGCAG
H5_RevPool,CTAGGGGCGCCCNNATAGGGGCAGG
H5_RevPool,GAAGCTAGGGGCCNNTTGATAGGGGC
H5_RevPool,CTAAAGAAGCTAGGCNNGCCTTGATAGGGG
H5_RevPool,TTCCTAAAGAAGCTCNNGGCGCCTTGATAG
H5_RevPool,GTTCCTAAAGAACNNAGGGGCGCCTTG
H5_RevPool,ACGTTCCTAAACNNGCTAGGGGCGC
H5_RevPool,GACGACGTTCCTCNNGAAGCTAGGGG
H5_RevPool,AACCAGACGACGTTCNNAAAGAAGCTAGGG
H5_RevPool,TTAATTAACCAGACGACCNNCCTAAAGAAGCTAGGG
H5_RevPool,TCTTCTTAATTAACCAGACCNNGTTCCTAAAGAAGCTAGG
H5_RevPool,CATTCTTCTTAATTAACCACNNGACGTTCCTAAAGAAGCT
H5_RevPool,CGTCATTCTTCTTAATTAACNNGACGACGTTCCTAAAGAA
H5_RevPool,CGTCATTCTTCTTAATCNNCCAGACGACGTTCCTA
H5_RevPool,GCGTCATTCTTCTTCNNTAACCAGACGACGT
H5_RevPool,GATAGGCGTCATTCTTCNNAATTAACCAGACGACG
H5_RevPool,TGGGATAGGCGTCATTCNNCTTAATTAACCAGACG
H5_RevPool,ATAGTGGGATAGGCGTCCNNCTTCTTAATTAACCAGA
H5_RevPool,AGATTTTAATAGTGGGATAGGCCNNATTCTTCTTAATTAACCAGAC
H5_RevPool,ATAAGAGATTTTAATAGTGGGATACNNGTCATTCTTCTTAATTAACCAGAC
H5_RevPool,GAGATTTTAATAGTGGGCNNGGCGTCATTCTTCTTAA
H5_RevPool,GTTGTTATAAGAGATTTTAATAGTCNNATAGGCGTCATTCTTCTTAATTAA
H5_RevPool,TTGTTATAAGAGATTTTAATCNNGGGATAGGCGTCATTCTTCT
H5_RevPool,TGTTGTTATAAGAGATTTTCNNAGTGGGATAGGCGTCATT
H5_RevPool,AGTGTTGTTATAAGAGATCNNAATAGTGGGATAGGCGTC
H5_RevPool,CGGTTAGTGTTGTTATAAGACNNTTTAATAGTGGGATAGGCG
H5_RevPool,CGCGGTTAGTGTTGTTATACNNGATTTTAATAGTGGGATAG
H5_RevPool,TCGCGGTTAGTGTTGTTCNNAGAGATTTTAATAGTGG
H5_RevPool,GGTCCTCGCGGTTAGTGTTCNNATAAGAGATTTTAATAGT
H5_RevPool,AGGTCCTCGCGGTTAGTCNNGTTATAAGAGATTTTAA
H5_RevPool,AGGTCCTCGCGGTTCNNGTTGTTATAAGAGA
H5_RevPool,GCAGGTCCTCGCGCNNAGTGTTGTTATAA
H5_RevPool,AAGATCAGCAGGTCCTCCNNGTTAGTGTTGTTATAAG
H5_RevPool,GATCAGCAGGTCCNNGCGGTTAGTGTT
H5_RevPool,CAAGATCAGCAGCNNCTCGCGGTTAGT
H5_RevPool,CACAAGATCAGCNNGTCCTCGCGGT
H5_RevPool,CCCCACAAGATCNNCAGGTCCTCGC
H5_RevPool,ATGCCCCACAACNNCAGCAGGTCCT
H5_RevPool,GTGTATGCCCCACNNGATCAGCAGGTC
H5_RevPool,AGTGGTGTATGCCCNNCAAGATCAGCAG
H5_RevPool,TATTTGAGTGGTGTATCNNCCACAAGATCAGCAGG
H5_RevPool,TTATTTGAGTGGTGCNNGCCCCACAAGATC
H5_RevPool,GCGTTATTTGAGTGCNNTATGCCCCACAAGA
H5_RevPool,GGCGTTATTTGACNNGTGTATGCCCCA
H5_RevPool,CTCGGCGTTATTCNNGTGGTGTATGCC
H5_RevPool,GTTCCTCGGCGTTCNNTGAGTGGTGTATG
H5_RevPool,GTTTGTTCCTCGGCCNNATTTGAGTGGTGTA
H5_RevPool,GTTGGTTTGTTCCTCCNNGTTATTTGAGTGGTG
H5_RevPool,AAGGTTGGTTTGTTCCNNGGCGTTATTTGAGT
H5_RevPool,TTATAAAGGTTGGTTTGCNNCTCGGCGTTATTTGAG
H5_RevPool,TTCTTATAAAGGTTGGTCNNTTCCTCGGCGTTATTTG
H5_RevPool,GGGATTCTTATAAAGGTTCNNTTGTTCCTCGGCGTTAT
H5_RevPool,GGGATTCTTATAAAGCNNGGTTTGTTCCTCGG
H5_RevPool,GTAGTGGGATTCTTATACNNGTTGGTTTGTTCCTCG
H5_RevPool,ACGTAGTGGGATTCTTCNNAAGGTTGGTTTGTTC
H5_RevPool,AGATATACGTAGTGGGATTCNNATAAAGGTTGGTTTGTTCC
H5_RevPool,AGAGATATACGTAGTGGGCNNCTTATAAAGGTTGGTTTG
H5_RevPool,CCCACAGAGATATACGTAGTCNNATTCTTATAAAGGTTGGTTT
H5_RevPool,GCCCACAGAGATATACGTCNNGGGATTCTTATAAAGGT
H5_RevPool,AGTGCCCACAGAGATATACNNAGTGGGATTCTTATAAAG
H5_RevPool,TGCCCACAGAGATCNNCGTAGTGGGATTC
H5_RevPool,CTAGTGCCCACAGACNNATACGTAGTGGGAT
H5_RevPool,GTGCTAGTGCCCACCNNGATATACGTAGTG
H5_RevPool,TCAAGGTGCTAGTGCCCNNAGAGATATACGTAGT
H5_RevPool,TTGATTCAAGGTGCTAGTCNNCACAGAGATATACGTAG
H5_RevPool,TTGATTCAAGGTGCTCNNGCCCACAGAGATATA
H5_RevPool,GTTGATTCAAGGTCNNAGTGCCCACAGAG
H5_RevPool,CCGTTGATTCAACNNGCTAGTGCCCAC
H5_RevPool,CAGCCGTTGATTCNNGGTGCTAGTGC
H5_RevPool,GCCAGCCGTTGCNNCAAGGTGCTAG
H5_RevPool,GGGGCCAGCCGCNNATTCAAGGTGC
H5_RevPool,CTTGGGGGCCAGCNNTTGATTCAAGGT
H5_RevPool,CAATCTTGGGGGCCNNCCGTTGATTCAA
H5_RevPool,GCAATCTTGGGCNNCAGCCGTTGAT
H5_RevPool,GTGGCAATCTTCNNGGCCAGCCGTT
H5_RevPool,CGGGTGGCAATCNNGGGGGCCAGCC
H5_RevPool,CTGCGGGTGGCCNNCTTGGGGGCCA
H5_RevPool,CTGACTGCGGGTCNNAATCTTGGGGG
H5_RevPool,ACCTGACTGCGCNNGGCAATCTTGG
H5_RevPool,CATTCACCTGACTCNNGGTGGCAATCTTG
H5_RevPool,CCATTCACCTGCNNGCGGGTGGCAA
H5_RevPool,TGTCCATTCACCNNACTGCGGGTGG
H5_RevPool,TCTCTGTCCATTCNNCTGACTGCGGGT
H5_RevPool,CCTCTCTGTCCCNNCACCTGACTGC
H5_RevPool,TCCTGCCTCTCTGCNNATTCACCTGACT
H5_RevPool,CCATCCTGCCTCTCNNTCCATTCACCTGA
H5_RevPool,AATCCATCCTGCCCNNCTGTCCATTCAC
H5_RevPool,CAAAAGAAATCCATCCTCNNTCTCTGTCCATTCACCT
H5_RevPool,CCAAAAGAAATCCATCNNGCCTCTCTGTCCATT
H5_RevPool,GTCCAAAAGAAATCCNNCCTGCCTCTCTGTC
H5_RevPool,GTATAGTCCAAAAGAACNNCATCCTGCCTCTCTGT
H5_RevPool,TTCAGTATAGTCCAAAACNNATCCATCCTGCCTCTC
H5_RevPool,CTTCAGTATAGTCCACNNGAAATCCATCCTGCC
H5_RevPool,TCCGGCTTCAGTATAGTCNNAAAGAAATCCATCCTG
H5_RevPool,GTCCGGCTTCAGTATCNNCCAAAAGAAATCCAT
H5_RevPool,GTCCGGCTTCAGCNNAGTCCAAAAGAA
H5_RevPool,GCGTCGTCCGGCTTCNNTATAGTCCAAAAG
H5_RevPool,GCGTCGTCCGGCNNCAGTATAGTCC
H5_RevPool,TGAATCGCGTCGTCCNNCTTCAGTATAGTCC
H5_RevPool,AGTGAATCGCGTCCNNCGGCTTCAGTATA
H5_RevPool,AAAGTGAATCGCCNNGTCCGGCTTCA
H5_RevPool,GATTCAAAGTGAATCNNGTCGTCCGGCTTCA
H5_RevPool,GATTCAAAGTGCNNCGCGTCGTCCG
H5_RevPool,CCGTTAGATTCAAACNNAATCGCGTCGTCC
H5_RevPool,GCCGTTAGATTCCNNGTGAATCGCGTC
H5_RevPool,AAGTTGCCGTTAGACNNAAAGTGAATCGCGT
H5_RevPool,CGATAAAGTTGCCGTTCNNTTCAAAGTGAATCGC
H5_RevPool,GGGCGATAAAGTTGCCCNNAGATTCAAAGTGAAT
H5_RevPool,TCAGGGGCGATAAAGTTCNNGTTAGATTCAAAGTGAA
H5_RevPool,CAGGGGCGATAAACNNGCCGTTAGATTCA
H5_RevPool,TCAGGGGCGATCNNGTTGCCGTTAG
H5_RevPool,GTACTCAGGGGCCNNAAAGTTGCCGTT
H5_RevPool,TTATAAGCGTACTCAGGCNNGATAAAGTTGCCGTTA
H5_RevPool,CTTATAAGCGTACTCCNNGGCGATAAAGTTGCC
H5_RevPool,ACTATCTTATAAGCGTACNNAGGGGCGATAAAGTTGC
H5_RevPool,TTCACTATCTTATAAGCCNNCTCAGGGGCGATAAAG
H5_RevPool,CCTTCTTCACTATCTTATACNNGTACTCAGGGGCGATAAA
H5_RevPool,CTTCTTCACTATCTTCNNAGCGTACTCAGGGG
H5_RevPool,CACCCTTCTTCACTATCNNATAAGCGTACTCAGGG
H5_RevPool,CTATCACCCTTCTTCACCNNCTTATAAGCGTACTCAG
H5_RevPool,TCGTACTATCACCCTTCTTCNNTATCTTATAAGCGTACTCA
H5_RevPool,TGATCGTACTATCACCCTTCNNCACTATCTTATAAGCGTA
H5_RevPool,TCATGATCGTACTATCACCCNNCTTCACTATCTTATAAGCG
H5_RevPool,GCTCTTCATGATCGTACTATCCNNCTTCTTCACTATCTTATAAGC
H5_RevPool,GCTCTTCATGATCGTACTCNNACCCTTCTTCACTATCT
H5_RevPool,GCTCTTCATGATCGTCNNATCACCCTTCTTCAC
H5_RevPool,CCCGCTCTTCATGATCNNACTATCACCCTTCTT
H5_RevPool,CCCCGCTCTTCATCNNCGTACTATCACC
H5_RevPool,TCAACCCCGCTCTTCNNGATCGTACTATCAC
H5_RevPool,GTACTCAACCCCGCTCNNCATGATCGTACTATC
H5_RevPool,CCGTACTCAACCCCCNNCTTCATGATCGTA
H5_RevPool,TGACCGTACTCAACCNNGCTCTTCATGATC
H5_RevPool,AATGACCGTACTCCNNCCCGCTCTTCAT
H5_RevPool,TATTACAATGACCGTACNNAACCCCGCTCTTCAT
H5_RevPool,GTATTACAATGACCCNNCTCAACCCCGCTC
H5_RevPool,CTTTGTATTACAATGCNNGTACTCAACCCCGCT
H5_RevPool,GCACTTTGTATTACACNNACCGTACTCAACCCC
H5_RevPool,TCTGGCACTTTGTATTCNNATGACCGTACTCAAC
H5_RevPool,GTCTGGCACTTTGTCNNACAATGACCGTACT
H5_RevPool,GGTGTCTGGCACTTCNNATTACAATGACCGT
H5_RevPool,AACCGGTGTCTGGCACNNTGTATTACAATGAC
H5_RevPool,CCCAACCGGTGTCTGCNNCTTTGTATTACAAT
H5_RevPool,CCCCAACCGGTGTCNNGCACTTTGTATTA
H5_RevPool,GCCCCAACCGGCNNCTGGCACTTTG
H5_RevPool,TTAATTGCCCCAACCNNTGTCTGGCACTTT
H5_RevPool,TTAATTGCCCCCNNCGGTGTCTGGC
H5_RevPool,GATGAGTTAATTGCCNNAACCGGTGTCTGG
H5_RevPool,CATAGATGAGTTAATCNNCCCAACCGGTGTCTG
H5_RevPool,GCATAGATGAGTTCNNTGCCCCAACCGG
H5_RevPool,AAGGGCATAGATGACNNAATTGCCCCAACC
H5_RevPool,TATGAAAGGGCATAGACNNGTTAATTGCCCCAAC
H5_RevPool,GATATTATGAAAGGGCATCNNTGAGTTAATTGCCCCAA
H5_RevPool,GTGGATATTATGAAAGGGCNNAGATGAGTTAATTGCCC
H5_RevPool,AATGGGTGGATATTATGAAACNNCATAGATGAGTTAATTGCCC
H5_RevPool,AATGGGTGGATATTATGCNNGGGCATAGATGAGTTAA
H5_RevPool,GTCAATGGGTGGATATTCNNAAAGGGCATAGATGAGT
H5_RevPool,ATTGTCAATGGGTGGATCNNATGAAAGGGCATAGAT
H5_RevPool,CGATTGTCAATGGGTGCNNATTATGAAAGGGCATA
H5_RevPool,CACCGATTGTCAATGGCNNGATATTATGAAAGGG
H5_RevPool,CACTCACCGATTGTCAACNNGTGGATATTATGAAAGG
H5_RevPool,GACACTCACCGATTGTCNNTGGGTGGATATTATGA
H5_RevPool,GGACACTCACCGATCNNCAATGGGTGGATAT
H5_RevPool,TTGGACACTCACCCNNTGTCAATGGGTG
H5_RevPool,CATACTTTGGACACTCCNNGATTGTCAATGGGTG
H5_RevPool,TTAACATACTTTGGACACNNACCGATTGTCAATGGG
H5_RevPool,GCTTTTAACATACTTTGGCNNCTCACCGATTGTCAATG
H5_RevPool,TTGCTTTTAACATACTTCNNACACTCACCGATTGTCA
H5_RevPool,TTTATTGCTTTTAACATACNNTGGACACTCACCGATTGT
H5_RevPool,AGTTTATTGCTTTTAACCNNCTTTGGACACTCACCG
H5_RevPool,AACCAGTTTATTGCTTTTCNNATACTTTGGACACTCACC
H5_RevPool,CAGAACCAGTTTATTGCTCNNAACATACTTTGGACACT
H5_RevPool,TTGCCAGAACCAGTTTATTCNNTTTAACATACTTTGGACAC
H5_RevPool,GTTGCCAGAACCAGTTTCNNGCTTTTAACATACTTTG
H5_RevPool,CGTTGCCAGAACCAGCNNATTGCTTTTAACATA
H5_RevPool,GCCCGTTGCCAGAACCNNTTTATTGCTTTTAAC
H5_RevPool,CCCGTTGCCAGCNNCAGTTTATTGC
H5_RevPool,CTAAGGCCCGTTGCCNNAACCAGTTTATTG
H5_RevPool,TTCCTAAGGCCCGTCNNCAGAACCAGTTTAT
H5_RevPool,GTTCCTAAGGCCCNNTGCCAGAACCAG
H5_RevPool,GGGAGTTCCTAAGCNNCGTTGCCAGAAC
H5_RevPool,GGGGAGTTCCTCNNGCCCGTTGCCA
H5_RevPool,GAGTGGGGAGTTCNNAAGGCCCGTTG
H5_RevPool,CGGAGTGGGGACNNCCTAAGGCCCG
H5_RevPool,TCGCGGAGTGGCNNGTTCCTAAGGC
H5_RevPool,TTTTCTCGCGGAGCNNGGAGTTCCTAAG
H5_RevPool,TCTTTTCTCGCGCNNTGGGGAGTTCC
H5_RevPool,TTCCTTCTTTTCTCCNNGAGTGGGGAGTTCC
H5_RevPool,CTTCCTTCTTTTCNNGCGGAGTGGGGA
H5_RevPool,CGCTTCCTTCTCNNCTCGCGGAGTG
H5_RevPool,CCCCGCTTCCTCNNTTTCTCGCGGA
H5_RevPool,GAGACCCCGCTTCNNTCTTTTCTCGC
H5_RevPool,CGAAGAGACCCCGCNNCCTTCTTTTCTC
H5_RevPool,GCACCGAAGAGACCCNNCTTCCTTCTTTTC
H5_RevPool,GCACCGAAGAGCNNCCGCTTCCTTC
H5_RevPool,AATAGCACCGAACNNACCCCGCTTCC
H5_RevPool,GCAATAGCACCCNNGAGACCCCGCT
H5_RevPool,CCGGCAATAGCCNNGAAGAGACCCC
H5_RevPool,GAAGCCGGCAATCNNACCGAAGAGAC
H5_RevPool,ATGAAGCCGGCCNNAGCACCGAAGA
H5_RevPool,CCTTCAATGAAGCCCNNAATAGCACCGAAGA
H5_RevPool,CACCTTCAATGAACNNGGCAATAGCACCG
H5_RevPool,CCCACCTTCAATCNNGCCGGCAATAG
H5_RevPool,CACCCACCTTCCNNGAAGCCGGCAA
H5_RevPool,TGCCACCCACCCNNAATGAAGCCGG
H5_RevPool,GCCTTGCCACCCCNNTTCAATGAAGC
H5_RevPool,CCATGCCTTGCCACNNACCTTCAATGAAG
H5_RevPool,ACCATGCCTTGCNNCCCACCTTCAA
H5_RevPool,TCCACCATGCCCNNCCACCCACCTT
H5_RevPool,CCGTCCACCATCNNTTGCCACCCAC
H5_RevPool,CAGCCGTCCACCNNGCCTTGCCACC
H5_RevPool,TACCAGCCGTCCNNCATGCCTTGCC
H5_RevPool,CCGTACCAGCCCNNCACCATGCCTT
H5_RevPool,ATAGCCGTACCACNNGTCCACCATGC
H5_RevPool,TGATAGCCGTACNNGCCGTCCACCA
H5_RevPool,TGGTGATAGCCCNNCCAGCCGTCCA
H5_RevPool,TTGAGTGGTGATACNNGTACCAGCCGTC
H5_RevPool,TTTGAGTGGTGCNNGCCGTACCAGC
H5_RevPool,TGTTCGTTTGAGTGCNNATAGCCGTACCAG
H5_RevPool,CCTTGTTCGTTTGACNNGTGATAGCCGTAC
H5_RevPool,GATCCTTGTTCGTTCNNGTGGTGATAGCCG
H5_RevPool,TCCAGATCCTTGTTCCNNTGAGTGGTGATAGC
H5_RevPool,GTATCCAGATCCTTGCNNGTTTGAGTGGTGATA
H5_RevPool,GCGTATCCAGATCCCNNTTCGTTTGAGTGG
H5_RevPool,CGGCGTATCCAGACNNTTGTTCGTTTGAG
H5_RevPool,GCGGCGTATCCCNNTCCTTGTTCGT
H5_RevPool,TATCGGCGGCGTACNNAGATCCTTGTTC
H5_RevPool,CTTATCGGCGGCCNNTCCAGATCCTTG
H5_RevPool,TACTTTCCTTATCGGCCNNGTATCCAGATCCTTG
H5_RevPool,TGTACTTTCCTTATCCNNGGCGTATCCAGATCC
H5_RevPool,TGTACTTTCCTTCNNGGCGGCGTATCC
H5_RevPool,CTGTGTACTTTCCNNATCGGCGGCGTA
H5_RevPool,CTTTCTGTGTACTCNNCTTATCGGCGGCG
H5_RevPool,ATGGCTTTCTGTGTCNNTTCCTTATCGGCG
H5_RevPool,GTCAATGGCTTTCTGCNNACTTTCCTTATCGG
H5_RevPool,CGCCGTCAATGGCTTTCNNTGTACTTTCCTTATC
H5_RevPool,GCCGTCAATGGCCNNCTGTGTACTTTC
H5_RevPool,TTGTGACGCCGTCAATCNNTTTCTGTGTACTTTC
H5_RevPool,GTGACGCCGTCCNNGGCTTTCTGTG
H5_RevPool,TGTTTGTGACGCCCNNAATGGCTTTCTG
H5_RevPool,CACTTTGTTTGTGACCNNGTCAATGGCTTTCTG
H5_RevPool,TCACTTTGTTTGTCNNGCCGTCAATGGC
H5_RevPool,CTATTCACTTTGTTCNNGACGCCGTCAATGG
H5_RevPool,ATTATGCTATTCACTTTCNNTGTGACGCCGTCAATG
H5_RevPool,ATTATGCTATTCACCNNGTTTGTGACGCCGT
H5_RevPool,TTATCGATTATGCTATTCNNTTTGTTTGTGACGCCGT
H5_RevPool,ATCTTATCGATTATGCTCNNCACTTTGTTTGTGACGC
H5_RevPool,TGTATTCATCTTATCGATTATCNNATTCACTTTGTTTGTGACGC
H5_RevPool,TGTGTATTCATCTTATCGATCNNGCTATTCACTTTGTTTGTG
H5_RevPool,CGAACTGTGTATTCATCTTATCCNNTATGCTATTCACTTTGTTTGT
H5_RevPool,TCGAACTGTGTATTCATCTTCNNGATTATGCTATTCACTTTG
H5_RevPool,GCTTCGAACTGTGTATTCATCNNATCGATTATGCTATTCACT
H5_RevPool,CGGCTTCGAACTGTGTATTCNNCTTATCGATTATGCTATT
H5_RevPool,CGGCTTCGAACTGTGTCNNCATCTTATCGATTATG
H5_RevPool,GACGGCTTCGAACTGCNNATTCATCTTATCGAT
H5_RevPool,CCCGACGGCTTCGAACNNTGTATTCATCTTATC
H5_RevPool,TCCCGACGGCTTCCNNCTGTGTATTCAT
H5_RevPool,CTCCCGACGGCCNNGAACTGTGTAT
H5_RevPool,TTAAATTCTCTCCCGACCNNTTCGAACTGTGTATTCA
H5_RevPool,GTTAAATTCTCTCCCCNNGGCTTCGAACTGTG
H5_RevPool,GATTGTTAAATTCTCTCNNGACGGCTTCGAACTGT
H5_RevPool,AGATTGTTAAATTCCNNCCCGACGGCTTCG
H5_RevPool,TCGAGATTGTTAAACNNTCTCCCGACGGCTT
H5_RevPool,CTCTCGAGATTGTTCNNTTCTCTCCCGACG
H5_RevPool,CGTCTCTCGAGATTCNNAAATTCTCTCCCGA
H5_RevPool,AATGCGTCTCTCGAGCNNGTTAAATTCTCTCC
H5_RevPool,GTTTTCAATGCGTCTCTCCNNATTGTTAAATTCTCTCCC
H5_RevPool,AAGGTTTTCAATGCGTCTCNNGAGATTGTTAAATTCTCT
H5_RevPool,TATTAAGGTTTTCAATGCGCNNCTCGAGATTGTTAAATTCT
H5_RevPool,CATCTTCTTATTAAGGTTTTCAATCNNTCTCTCGAGATTGTTAAATTCTCT
H5_RevPool,TTCTTATTAAGGTTTTCCNNGCGTCTCTCGAGATTGT
H5_RevPool,CCATCTTCTTATTAAGGTTCNNAATGCGTCTCTCGAGATT
H5_RevPool,TCCATCTTCTTATTAAGCNNTTCAATGCGTCTCTCGA
H5_RevPool,ATCTTCCATCTTCTTATTCNNGTTTTCAATGCGTCTCTC
H5_RevPool,CCATCTTCCATCTTCTTCNNAAGGTTTTCAATGCGT
H5_RevPool,AAAGCCATCTTCCATCTTCNNATTAAGGTTTTCAATGCG
H5_RevPool,CCAGAAAGCCATCTTCCATCNNCTTATTAAGGTTTTCAAT
H5_RevPool,GTCCAGAAAGCCATCTTCCNNCTTCTTATTAAGGTTTTC
H5_RevPool,ACGTCCAGAAAGCCATCCNNCATCTTCTTATTAAGG
H5_RevPool,CAAACGTCCAGAAAGCCCNNTTCCATCTTCTTATTAA
H5_RevPool,AGTCCAAACGTCCAGAAACNNATCTTCCATCTTCTTAT
H5_RevPool,CAAACGTCCAGCNNGCCATCTTCCA
H5_RevPool,GTAAGTCCAAACGTCCNNAAAGCCATCTTCCAT
H5_RevPool,GTTGTAAGTCCAAACCNNCAGAAAGCCATCTTC
H5_RevPool,CGTTGTAAGTCCACNNGTCCAGAAAGCCA
H5_RevPool,TCCGCGTTGTAAGTCNNAACGTCCAGAAAG
H5_RevPool,CTCCGCGTTGTACNNCCAAACGTCCA
H5_RevPool,CAACTCCGCGTTCNNAGTCCAAACGTC
H5_RevPool,CAGCAACTCCGCCNNGTAAGTCCAAAC
H5_RevPool,GCACCAGCAACTCCNNGTTGTAAGTCCAA
H5_RevPool,CAGCACCAGCAACNNCGCGTTGTAAG
H5_RevPool,ATCAGCACCAGCNNCTCCGCGTTGT
H5_RevPool,TCCATCAGCACCNNCAACTCCGCGT
H5_RevPool,ATTCTCCATCAGCNNCAGCAACTCCGC
H5_RevPool,CGTTCATTCTCCATCNNCACCAGCAACTCC
H5_RevPool,CGTTCATTCTCCNNCAGCACCAGCA
H5_RevPool,ATGTGCGTTCATTCNNCATCAGCACCAG
H5_RevPool,CTAATGTGCGTTCCNNCTCCATCAGCACC
H5_RevPool,AAAGTCTAATGTGCGCNNATTCTCCATCAGCAC
H5_RevPool,TCGTGAAAGTCTAATGTCNNTTCATTCTCCATCAGCA
H5_RevPool,GTCGTGAAAGTCTAACNNGCGTTCATTCTCCAT
H5_RevPool,CTGTCGTGAAAGTCCNNTGTGCGTTCATTCT
H5_RevPool,ACGTTACTGTCGTGAAACNNTAATGTGCGTTCATTC
H5_RevPool,CGTTACTGTCGTGCNNGTCTAATGTGCG
H5_RevPool,ATTCTTAACGTTACTGTCCNNAAAGTCTAATGTGCGTT
H5_RevPool,CAGATTCTTAACGTTACTCNNGTGAAAGTCTAATGTGCG
H5_RevPool,CATACAGATTCTTAACGTTCNNGTCGTGAAAGTCTAATGTG
H5_RevPool,CTTATCATACAGATTCTTAACCNNACTGTCGTGAAAGTCTAATGT
H5_RevPool,CCTTATCATACAGATTCTTCNNGTTACTGTCGTGAAAGTCT
H5_RevPool,GCACCTTATCATACAGATTCNNAACGTTACTGTCGTGAAA
H5_RevPool,GCACCTTATCATACAGCNNCTTAACGTTACTGTCG
H5_RevPool,AGGCGCACCTTATCATACNNATTCTTAACGTTACTGT
H5_RevPool,AGGCGCACCTTATCCNNCAGATTCTTAACG
H5_RevPool,TTGCAGGCGCACCTTCNNATACAGATTCTTAAC
H5_RevPool,AGTTGCAGGCGCACCNNATCATACAGATTC
H5_RevPool,GGAGTTGCAGGCGCNNCTTATCATACAGA
H5_RevPool,TCTCGGAGTTGCAGCNNCACCTTATCATACA
H5_RevPool,TCTCGGAGTTGCNNGCGCACCTTAT
H5_RevPool,TTGTCTCGGAGCNNCAGGCGCACCT
H5_RevPool,GCGTTGTCTCGCNNTTGCAGGCGCA
H5_RevPool,TTGGCGTTGTCCNNGAGTTGCAGGC
H5_RevPool,GTTCTTTGGCGTTCNNTCGGAGTTGCAG
H5_RevPool,CAAGTTCTTTGGCCNNGTCTCGGAGTTG
H5_RevPool,CATTTCCAAGTTCTTTCNNGTTGTCTCGGAGTTG
H5_RevPool,CATTTCCAAGTTCCNNGGCGTTGTCTCG
H5_RevPool,ACCCATTTCCAAGCNNTTTGGCGTTGTCT
H5_RevPool,AGCACCCATTTCCCNNTTCTTTGGCGTT
H5_RevPool,TCAAAGCACCCATTCNNAAGTTCTTTGGCG
H5_RevPool,AAACTCAAAGCACCCCNNTCCAAGTTCTTTGG
H5_RevPool,ATGGTAAAACTCAAAGCACNNATTTCCAAGTTCTTTGGC
H5_RevPool,ACTTATGGTAAAACTCAAACNNCCCATTTCCAAGTTCTTT
H5_RevPool,ACTTATGGTAAAACTCCNNGCACCCATTTCCAAG
H5_RevPool,CGCACTTATGGTAAAACNNAAAGCACCCATTTCC
H5_RevPool,CGCACTTATGGTACNNCTCAAAGCACCCA
H5_RevPool,GTTGTCGCACTTATGCNNAAACTCAAAGCACC
H5_RevPool,CTCGTTGTCGCACTTCNNGTAAAACTCAAAGC
H5_RevPool,CACTCGTTGTCGCACNNATGGTAAAACTCAA
H5_RevPool,CCATGCACTCGTTGTCCNNCTTATGGTAAAACTC
H5_RevPool,CTCCATGCACTCGTTCNNGCACTTATGGTAAAA
H5_RevPool,ACTCCATGCACTCCNNGTCGCACTTATG
H5_RevPool,GACTCCATGCACNNGTTGTCGCACT
H5_RevPool,AACGGACTCCATCNNCTCGTTGTCGC
H5_RevPool,CCTAACGGACTCCNNGCACTCGTTGTC
H5_RevPool,CGTTCCTAACGGACNNCATGCACTCGTT
H5_RevPool,GCCGTTCCTAACCNNCTCCATGCACTC
H5_RevPool,GTGCCGTTCCTCNNGGACTCCATGC
H5_RevPool,GTAGGTGCCGTTCNNAACGGACTCCAT
H5_RevPool,AATCGTAGGTGCCCNNCCTAACGGACTC
H5_RevPool,GTGGATAATCGTAGGTCNNGTTCCTAACGGACTC
H5_RevPool,TGTGGATAATCGTACNNGCCGTTCCTAACG
H5_RevPool,GTATTGTGGATAATCCNNGGTGCCGTTCCTAAC
H5_RevPool,AGAGTATTGTGGATACNNGTAGGTGCCGTTCC
H5_RevPool,CAGAGTATTGTGGCNNATCGTAGGTGCCG
H5_RevPool,CCTCTTCAGAGTATTGCNNATAATCGTAGGTGCC
H5_RevPool,CGCCTCTTCAGAGTACNNTGGATAATCGTAGGT
H5_RevPool,CGCGCCTCTTCAGACNNTTGTGGATAATCG
H5_RevPool,CCGCGCCTCTTCCNNGTATTGTGGATA
H5_RevPool,AGCCGCGCCTCCNNAGAGTATTGTG
H5_RevPool,CTTCAGCCGCGCCNNTTCAGAGTATTG
H5_RevPool,CGCTTCAGCCGCNNCTCTTCAGAGT
H5_RevPool,TCGCGCTTCAGCNNCGCCTCTTCAG
H5_RevPool,TCCTCGCGCTTCNNCCGCGCCTCTT
H5_RevPool,ATCTCCTCGCGCNNCAGCCGCGCCT
H5_RevPool,GGAAATCTCCTCCNNCTTCAGCCGCG
H5_RevPool,CCGGAAATCTCCNNGCGCTTCAGCC
H5_RevPool,ACCCCGGAAATCNNCTCGCGCTTCA
H5_RevPool,TTAACCCCGGACNNCTCCTCGCGCT
H5_RevPool,CAGCTTAACCCCCNNAATCTCCTCGCG
H5_RevPool,GACTCCAGCTTAACCNNGGAAATCTCCTCG
H5_RevPool,GGACTCCAGCTTCNNCCCGGAAATCTC
H5_RevPool,ACGGACTCCAGCNNAACCCCGGAAA
H5_RevPool,CCAACGGACTCCNNCTTAACCCCGG
H5_RevPool,TGTGCCAACGGACNNCAGCTTAACCC
H5_RevPool,TGATATGTGCCAACCNNCTCCAGCTTAACC
H5_RevPool,GAATTTGATATGTGCCCNNGGACTCCAGCTTAAC
H5_RevPool,TACTAAGAATTTGATATGTCNNAACGGACTCCAGCTTAACC
H5_RevPool,TACTAAGAATTTGATACNNGCCAACGGACTCCAG
H5_RevPool,TATATACTAAGAATTTGCNNTGTGCCAACGGACTCCA
H5_RevPool,TGGAGTATATACTAAGAATCNNATATGTGCCAACGGACTCC
H5_RevPool,GGTGGAGTATATACTAAGCNNTTGATATGTGCCAACGG
H5_RevPool,TGCGGTGGAGTATATACTCNNAATTTGATATGTGCCAA
H5_RevPool,GCTGCGGTGGAGTATATCNNAAGAATTTGATATGTGC
H5_RevPool,TGGCTGCGGTGGAGTACNNACTAAGAATTTGATAT
H5_RevPool,GCTGGCTGCGGTGGACNNTATACTAAGAATTTG
H5_RevPool,CTGCTGGCTGCGGTCNNGTATATACTAAGAA
H5_RevPool,GGCTGCTGGCTGCCNNGGAGTATATACTA
H5_RevPool,AGGCTGCTGGCCNNGGTGGAGTATA
H5_RevPool,GCGAGGCTGCTCNNTGCGGTGGAGT
H5_RevPool,AGCGCGAGGCTCNNGGCTGCGGTGG
H5_RevPool,GCGAGCGCGAGCNNGCTGGCTGCGG
H5_RevPool,ATGGCGAGCGCCNNGCTGCTGGCTG
H5_RevPool,ATTATGGCGAGCNNGAGGCTGCTGG
H5_RevPool,ATCATTATGGCCNNCGCGAGGCTGC
H5_RevPool,GCCATCATTATCNNGAGCGCGAGGC
H5_RevPool,CCGGCCATCATCNNGGCGAGCGCGA
H5_RevPool,AGTCCGGCCATCNNTATGGCGAGCG
H5_RevPool,CTCAGTCCGGCCNNCATTATGGCGA
H5_RevPool,AGAGGCTCAGTCCCNNCATCATTATGGC
H5_RevPool,CCAGAGGCTCAGCNNGGCCATCATTAT
H5_RevPool,ATCCAGAGGCTCNNTCCGGCCATCA
H5_RevPool,CACATCCAGAGCNNCAGTCCGGCCA
H5_RevPool,GCTACACATCCACNNGCTCAGTCCGG
H5_RevPool,CGTTGCTACACATCNNGAGGCTCAGTCC
H5_RevPool,CCGTTGCTACACNNCCAGAGGCTCA
H5_RevPool,GAACCGTTGCTCNNCATCCAGAGGC
H5_RevPool,GCAAGGAACCGTTCNNACACATCCAGAG
H5_RevPool,ATTGCAAGGAACCCNNGCTACACATCCAG
H5_RevPool,CGACATTGCAAGGACNNGTTGCTACACATC
H5_RevPool,GCGACATTGCAACNNACCGTTGCTACA
H5_RevPool,ATGCGACATTGCNNGGAACCGTTGC
H5_RevPool,ATACAAATGCGACACNNCAAGGAACCGTTG
H5_RevPool,attaGATACAAATGCGCNNTTGCAAGGAACCGTT
H5_RevPool,gcctattaGATACAAATCNNACATTGCAAGGAACCGT
H5_RevPool,gcctattaGATACACNNGCGACATTGCAAGG
H5_RevPool,cgcgcctattaGATCNNAATGCGACATTGC
H5_RevPool,gcgcgcctattaCNNACAAATGCGACA
H5_ForPool,cgcgtgccaccNNCGAAAATATCGTG
H5_ForPool,cgtgccaccATGNNCAATATCGTGCTTT
H5_ForPool,gccaccATGGAANNCATCGTGCTTTTG
H5_ForPool,caccATGGAAAATNNCGTGCTTTTGCTCG
H5_ForPool,accATGGAAAATATCNNCCTTTTGCTCGCCATT
H5_ForPool,GGAAAATATCGTGNNCTTGCTCGCCATTGT
H5_ForPool,GAAAATATCGTGCTTNNCCTCGCCATTGTGTCA
H5_ForPool,TATCGTGCTTTTGNNCGCCATTGTGTCAC
H5_ForPool,CGTGCTTTTGCTCNNCATTGTGTCACTCG
H5_ForPool,TTTTGCTCGCCNNCGTGTCACTCGT
H5_ForPool,TTTTGCTCGCCATTNNCTCACTCGTGAAGTC
H5_ForPool,TCGCCATTGTGNNCCTCGTGAAGTCC
H5_ForPool,GCCATTGTGTCANNCGTGAAGTCCGAC
H5_ForPool,CCATTGTGTCACTCNNCAAGTCCGACCAAATC
H5_ForPool,GTGTCACTCGTGNNCTCCGACCAAATCT
H5_ForPool,GTGTCACTCGTGAAGNNCGACCAAATCTGTATC
H5_ForPool,CACTCGTGAAGTCCNNCCAAATCTGTATCGG
H5_ForPool,CGTGAAGTCCGACNNCATCTGTATCGGGTA
H5_ForPool,TGAAGTCCGACCAANNCTGTATCGGGTATCAC
H5_ForPool,GTCCGACCAAATCNNCATCGGGTATCACG
H5_ForPool,GACCAAATCTGTNNCGGGTATCACGCCA
H5_ForPool,CGACCAAATCTGTATCNNCTATCACGCCAATAACTC
H5_ForPool,AAATCTGTATCGGGNNCCACGCCAATAACTC
H5_ForPool,AAATCTGTATCGGGTATNNCGCCAATAACTCTACTGAA
H5_ForPool,ATCTGTATCGGGTATCACNNCAATAACTCTACTGAACAGG
H5_ForPool,CGGGTATCACGCCNNCAACTCTACTGAAC
H5_ForPool,GGTATCACGCCAATNNCTCTACTGAACAGGTG
H5_ForPool,TATCACGCCAATAACNNCACTGAACAGGTGGATA
H5_ForPool,ACGCCAATAACTCTNNCGAACAGGTGGATAC
H5_ForPool,CGCCAATAACTCTACTNNCCAGGTGGATACCATTAT
H5_ForPool,GCCAATAACTCTACTGAANNCGTGGATACCATTATGGAG
H5_ForPool,CAATAACTCTACTGAACAGNNCGATACCATTATGGAGAAGA
H5_ForPool,CTCTACTGAACAGGTGNNCACCATTATGGAGAAGAA
H5_ForPool,TCTACTGAACAGGTGGATNNCATTATGGAGAAGAATGTG
H5_ForPool,GAACAGGTGGATACCNNCATGGAGAAGAATGTGA
H5_ForPool,CAGGTGGATACCATTNNCGAGAAGAATGTGACC
H5_ForPool,GTGGATACCATTATGNNCAAGAATGTGACCGTGA
H5_ForPool,GATACCATTATGGAGNNCAATGTGACCGTGACC
H5_ForPool,CATTATGGAGAAGNNCGTGACCGTGACCC
H5_ForPool,TATGGAGAAGAATNNCACCGTGACCCACG
H5_ForPool,AGAAGAATGTGNNCGTGACCCACGC
H5_ForPool,AGAATGTGACCNNCACCCACGCGCA
H5_ForPool,ATGTGACCGTGNNCCACGCGCAGGA
H5_ForPool,TGACCGTGACCNNCGCGCAGGATAT
H5_ForPool,TGACCGTGACCCACNNCCAGGATATTTTAGAG
H5_ForPool,CGTGACCCACGCGNNCGATATTTTAGAGAA
H5_ForPool,GACCCACGCGCAGNNCATTTTAGAGAAGA
H5_ForPool,CCACGCGCAGGATNNCTTAGAGAAGACTC
H5_ForPool,CACGCGCAGGATATTNNCGAGAAGACTCATAATG
H5_ForPool,CGCGCAGGATATTTTANNCAAGACTCATAATGGCAA
H5_ForPool,GCGCAGGATATTTTAGAGNNCACTCATAATGGCAAATTA
H5_ForPool,GCAGGATATTTTAGAGAAGNNCCATAATGGCAAATTATGCG
H5_ForPool,GGATATTTTAGAGAAGACTNNCAATGGCAAATTATGCGACT
H5_ForPool,TTTTAGAGAAGACTCATNNCGGCAAATTATGCGACTTG
H5_ForPool,TTTTAGAGAAGACTCATAATNNCAAATTATGCGACTTGAACGG
H5_ForPool,GAAGACTCATAATGGCNNCTTATGCGACTTGAACG
H5_ForPool,CTCATAATGGCAAANNCTGCGACTTGAACGG
H5_ForPool,TCATAATGGCAAATTANNCGACTTGAACGGCGTTAA
H5_ForPool,TAATGGCAAATTATGCNNCTTGAACGGCGTTAAAC
H5_ForPool,CAAATTATGCGACNNCAACGGCGTTAAACC
H5_ForPool,TTATGCGACTTGNNCGGCGTTAAACCC
H5_ForPool,AATTATGCGACTTGAACNNCGTTAAACCCCTCATACT
H5_ForPool,GACTTGAACGGCNNCAAACCCCTCATAC
H5_ForPool,TTGAACGGCGTTNNCCCCCTCATACTC
H5_ForPool,CTTGAACGGCGTTAAANNCCTCATACTCAAAGACTG
H5_ForPool,ACGGCGTTAAACCCNNCATACTCAAAGACTG
H5_ForPool,CGTTAAACCCCTCNNCCTCAAAGACTGCTC
H5_ForPool,GTTAAACCCCTCATANNCAAAGACTGCTCTGTGG
H5_ForPool,CCCCTCATACTCNNCGACTGCTCTGTG
H5_ForPool,CCTCATACTCAAANNCTGCTCTGTGGCAGG
H5_ForPool,TCATACTCAAAGACNNCTCTGTGGCAGGTTG
H5_ForPool,TCAAAGACTGCNNCGTGGCAGGTTG
H5_ForPool,AAAGACTGCTCTNNCGCAGGTTGGCTG
H5_ForPool,ACTGCTCTGTGNNCGGTTGGCTGCT
H5_ForPool,GCTCTGTGGCANNCTGGCTGCTGGG
H5_ForPool,CTGTGGCAGGTNNCCTGCTGGGCAA
H5_ForPool,TGGCAGGTTGGNNCCTGGGCAATCC
H5_ForPool,CAGGTTGGCTGNNCGGCAATCCCAT
H5_ForPool,GTTGGCTGCTGNNCAATCCCATGTGT
H5_ForPool,GGCTGCTGGGCNNCCCCATGTGTGA
H5_ForPool,CTGCTGGGCAATNNCATGTGTGATGAGT
H5_ForPool,GCTGGGCAATCCCNNCTGTGATGAGTTTAT
H5_ForPool,TGGGCAATCCCATGNNCGATGAGTTTATTCG
H5_ForPool,GCAATCCCATGTGTNNCGAGTTTATTCGGGTA
H5_ForPool,CAATCCCATGTGTGATNNCTTTATTCGGGTACCTGA
H5_ForPool,CATGTGTGATGAGNNCATTCGGGTACCTGA
H5_ForPool,GTGTGATGAGTTTNNCCGGGTACCTGAGTG
H5_ForPool,TGTGTGATGAGTTTATTNNCGTACCTGAGTGGAGTTA
H5_ForPool,GTGATGAGTTTATTCGGNNCCCTGAGTGGAGTTATAT
H5_ForPool,TGATGAGTTTATTCGGGTANNCGAGTGGAGTTATATTGTTG
H5_ForPool,TGAGTTTATTCGGGTACCTNNCTGGAGTTATATTGTTGAAA
H5_ForPool,GTTTATTCGGGTACCTGAGNNCAGTTATATTGTTGAAAGAG
H5_ForPool,TCGGGTACCTGAGTGGNNCTATATTGTTGAAAGAG
H5_ForPool,GTACCTGAGTGGAGTNNCATTGTTGAAAGAGCC
H5_ForPool,CCTGAGTGGAGTTATNNCGTTGAAAGAGCCAATC
H5_ForPool,TGAGTGGAGTTATATTNNCGAAAGAGCCAATCCCG
H5_ForPool,GGAGTTATATTGTTNNCAGAGCCAATCCCGCG
H5_ForPool,GTTATATTGTTGAANNCGCCAATCCCGCGAAC
H5_ForPool,AGTTATATTGTTGAAAGANNCAATCCCGCGAACGATTTA
H5_ForPool,TTGAAAGAGCCNNCCCCGCGAACGA
H5_ForPool,GTTGAAAGAGCCAATNNCGCGAACGATTTATGC
H5_ForPool,TGAAAGAGCCAATCCCNNCAACGATTTATGCTATC
H5_ForPool,GCCAATCCCGCGNNCGATTTATGCTATC
H5_ForPool,CAATCCCGCGAACNNCTTATGCTATCCCG
H5_ForPool,CCGCGAACGATNNCTGCTATCCCGG
H5_ForPool,GCGAACGATTTANNCTATCCCGGCAGTC
H5_ForPool,GAACGATTTATGCNNCCCCGGCAGTCTTAA
H5_ForPool,CGAACGATTTATGCTATNNCGGCAGTCTTAACGATTA
H5_ForPool,ACGATTTATGCTATCCCNNCAGTCTTAACGATTACGA
H5_ForPool,TTATGCTATCCCGGCNNCCTTAACGATTACGAG
H5_ForPool,CTATCCCGGCAGTNNCAACGATTACGAGGA
H5_ForPool,CCCGGCAGTCTTNNCGATTACGAGGAG
H5_ForPool,CCGGCAGTCTTAACNNCTACGAGGAGTTAAAG
H5_ForPool,GGCAGTCTTAACGATNNCGAGGAGTTAAAGCAC
H5_ForPool,CAGTCTTAACGATTACNNCGAGTTAAAGCACATGCT
H5_ForPool,TCTTAACGATTACGAGNNCTTAAAGCACATGCTGTC
H5_ForPool,CGATTACGAGGAGNNCAAGCACATGCTGT
H5_ForPool,GATTACGAGGAGTTANNCCACATGCTGTCAAGGA
H5_ForPool,ATTACGAGGAGTTAAAGNNCATGCTGTCAAGGATCAA
H5_ForPool,GAGGAGTTAAAGCACNNCCTGTCAAGGATCAAC
H5_ForPool,GAGTTAAAGCACATGNNCTCAAGGATCAACCACT
H5_ForPool,TAAAGCACATGCTGNNCAGGATCAACCACTTC
H5_ForPool,GCACATGCTGTCANNCATCAACCACTTCG
H5_ForPool,CATGCTGTCAAGGNNCAACCACTTCGAGAA
H5_ForPool,ATGCTGTCAAGGATCNNCCACTTCGAGAAAATC
H5_ForPool,CTGTCAAGGATCAACNNCTTCGAGAAAATCCTCA
H5_ForPool,TGTCAAGGATCAACCACNNCGAGAAAATCCTCATTAT
H5_ForPool,CAAGGATCAACCACTTCNNCAAAATCCTCATTATCCC
H5_ForPool,ATCAACCACTTCGAGNNCATCCTCATTATCCCAA
H5_ForPool,TCAACCACTTCGAGAAANNCCTCATTATCCCAAAATC
H5_ForPool,ACCACTTCGAGAAAATCNNCATTATCCCAAAATCAAGC
H5_ForPool,CTTCGAGAAAATCCTCNNCATCCCAAAATCAAGCTG
H5_ForPool,GAGAAAATCCTCATTNNCCCAAAATCAAGCTGGC
H5_ForPool,AGAAAATCCTCATTATCNNCAAATCAAGCTGGCCTAAC
H5_ForPool,ATCCTCATTATCCCANNCTCAAGCTGGCCTAAC
H5_ForPool,CTCATTATCCCAAAANNCAGCTGGCCTAACCAC
H5_ForPool,ATTATCCCAAAATCANNCTGGCCTAACCACGAGA
H5_ForPool,CCCAAAATCAAGCNNCCCTAACCACGAGAC
H5_ForPool,AAAATCAAGCTGGNNCAACCACGAGACCA
H5_ForPool,CAAGCTGGCCTNNCCACGAGACCAG
H5_ForPool,GCTGGCCTAACNNCGAGACCAGCCT
H5_ForPool,GGCCTAACCACNNCACCAGCCTGGG
H5_ForPool,CTAACCACGAGNNCAGCCTGGGCGT
H5_ForPool,ACCACGAGACCNNCCTGGGCGTATC
H5_ForPool,ACGAGACCAGCNNCGGCGTATCTGC
H5_ForPool,AGACCAGCCTGNNCGTATCTGCTGC
H5_ForPool,CCAGCCTGGGCNNCTCTGCTGCCTG
H5_ForPool,GCCTGGGCGTANNCGCTGCCTGCCC
H5_ForPool,TGGGCGTATCTNNCGCCTGCCCCTA
H5_ForPool,GGCGTATCTGCTNNCTGCCCCTATCAAG
H5_ForPool,GTATCTGCTGCCNNCCCCTATCAAGGC
H5_ForPool,CTGCTGCCTGCNNCTATCAAGGCGC
H5_ForPool,CTGCCTGCCCCNNCCAAGGCGCCCC
H5_ForPool,CCTGCCCCTATNNCGGCGCCCCTAG
H5_ForPool,GCCCCTATCAANNCGCCCCTAGCTTC
H5_ForPool,CCCCTATCAAGGCNNCCCTAGCTTCTTTAG
H5_ForPool,CTATCAAGGCGCCNNCAGCTTCTTTAGGAA
H5_ForPool,CAAGGCGCCCCTNNCTTCTTTAGGAACG
H5_ForPool,GCGCCCCTAGCNNCTTTAGGAACGTC
H5_ForPool,CCCCTAGCTTCNNCAGGAACGTCGTC
H5_ForPool,CCCTAGCTTCTTTNNCAACGTCGTCTGGTT
H5_ForPool,CCCTAGCTTCTTTAGGNNCGTCGTCTGGTTAATTAA
H5_ForPool,CCTAGCTTCTTTAGGAACNNCGTCTGGTTAATTAAGAAGA
H5_ForPool,TAGCTTCTTTAGGAACGTCNNCTGGTTAATTAAGAAGAATGA
H5_ForPool,CTTCTTTAGGAACGTCGTCNNCTTAATTAAGAAGAATGACG
H5_ForPool,AGGAACGTCGTCTGGNNCATTAAGAAGAATGAC
H5_ForPool,ACGTCGTCTGGTTANNCAAGAAGAATGACGC
H5_ForPool,CGTCGTCTGGTTAATTNNCAAGAATGACGCCTATC
H5_ForPool,GTCTGGTTAATTAAGNNCAATGACGCCTATCCCA
H5_ForPool,CTGGTTAATTAAGAAGNNCGACGCCTATCCCACTAT
H5_ForPool,GTCTGGTTAATTAAGAAGAATNNCGCCTATCCCACTATTAAAATCT
H5_ForPool,GTCTGGTTAATTAAGAAGAATGACNNCTATCCCACTATTAAAATCTCTTAT
H5_ForPool,TTAAGAAGAATGACGCCNNCCCCACTATTAAAATCTCT
H5_ForPool,TTAATTAAGAAGAATGACGCCTATNNCACTATTAAAATCTCTTATAACAAC
H5_ForPool,AGAAGAATGACGCCTATCCCNNCATTAAAATCTCTTATAACAA
H5_ForPool,AATGACGCCTATCCCACTNNCAAAATCTCTTATAACAACA
H5_ForPool,GACGCCTATCCCACTATTNNCATCTCTTATAACAACACT
H5_ForPool,CGCCTATCCCACTATTAAANNCTCTTATAACAACACTAACCG
H5_ForPool,CTATCCCACTATTAAAATCNNCTATAACAACACTAACCGCGA
H5_ForPool,CCACTATTAAAATCTCTNNCAACAACACTAACCGCGA
H5_ForPool,ACTATTAAAATCTCTTATNNCAACACTAACCGCGAGGACC
H5_ForPool,TTAAAATCTCTTATAACNNCACTAACCGCGAGGACCT
H5_ForPool,TCTCTTATAACAACNNCAACCGCGAGGACCT
H5_ForPool,TTATAACAACACTNNCCGCGAGGACCTGC
H5_ForPool,CTTATAACAACACTAACNNCGAGGACCTGCTGATCTT
H5_ForPool,AACACTAACCGCNNCGACCTGCTGATC
H5_ForPool,ACTAACCGCGAGNNCCTGCTGATCTTG
H5_ForPool,ACCGCGAGGACNNCCTGATCTTGTG
H5_ForPool,GCGAGGACCTGNNCATCTTGTGGGG
H5_ForPool,AGGACCTGCTGNNCTTGTGGGGCAT
H5_ForPool,GACCTGCTGATCNNCTGGGGCATACAC
H5_ForPool,CTGCTGATCTTGNNCGGCATACACCACT
H5_ForPool,CTGCTGATCTTGTGGNNCATACACCACTCAAATA
H5_ForPool,GATCTTGTGGGGCNNCCACCACTCAAATAA
H5_ForPool,TCTTGTGGGGCATANNCCACTCAAATAACGC
H5_ForPool,TGGGGCATACACNNCTCAAATAACGCCG
H5_ForPool,GGCATACACCACNNCAATAACGCCGAG
H5_ForPool,ATACACCACTCANNCAACGCCGAGGAAC
H5_ForPool,TACACCACTCAAATNNCGCCGAGGAACAAAC
H5_ForPool,CACCACTCAAATAACNNCGAGGAACAAACCAAC
H5_ForPool,ACTCAAATAACGCCNNCGAACAAACCAACCTT
H5_ForPool,CTCAAATAACGCCGAGNNCCAAACCAACCTTTATAA
H5_ForPool,CAAATAACGCCGAGGAANNCACCAACCTTTATAAGAA
H5_ForPool,ATAACGCCGAGGAACAANNCAACCTTTATAAGAATCC
H5_ForPool,GCCGAGGAACAAACCNNCCTTTATAAGAATCCC
H5_ForPool,CGAGGAACAAACCAACNNCTATAAGAATCCCACTAC
H5_ForPool,GAACAAACCAACCTTNNCAAGAATCCCACTACGT
H5_ForPool,GGAACAAACCAACCTTTATNNCAATCCCACTACGTATATCT
H5_ForPool,CAAACCAACCTTTATAAGNNCCCCACTACGTATATCTCT
H5_ForPool,AAACCAACCTTTATAAGAATNNCACTACGTATATCTCTGTGGG
H5_ForPool,ACCTTTATAAGAATCCCNNCACGTATATCTCTGTGGGC
H5_ForPool,CCTTTATAAGAATCCCACTNNCTATATCTCTGTGGGCACTA
H5_ForPool,AATCCCACTACGNNCATCTCTGTGGGC
H5_ForPool,ATCCCACTACGTATNNCTCTGTGGGCACTAG
H5_ForPool,CACTACGTATATCNNCGTGGGCACTAGCAC
H5_ForPool,ACTACGTATATCTCTNNCGGCACTAGCACCTTGA
H5_ForPool,CTACGTATATCTCTGTGNNCACTAGCACCTTGAATCA
H5_ForPool,TATATCTCTGTGGGCNNCAGCACCTTGAATCAA
H5_ForPool,CTCTGTGGGCACTNNCACCTTGAATCAAC
H5_ForPool,GTGGGCACTAGCNNCTTGAATCAACGG
H5_ForPool,GCACTAGCACCNNCAATCAACGGCTG
H5_ForPool,CTAGCACCTTGNNCCAACGGCTGGC
H5_ForPool,GCACCTTGAATNNCCGGCTGGCCCC
H5_ForPool,ACCTTGAATCAANNCCTGGCCCCCAAG
H5_ForPool,TTGAATCAACGGNNCGCCCCCAAGATT
H5_ForPool,ATCAACGGCTGNNCCCCAAGATTGC
H5_ForPool,AACGGCTGGCCNNCAAGATTGCCAC
H5_ForPool,GGCTGGCCCCCNNCATTGCCACCCG
H5_ForPool,TGGCCCCCAAGNNCGCCACCCGCAG
H5_ForPool,CCCCCAAGATTNNCACCCGCAGTCAG
H5_ForPool,CCAAGATTGCCNNCCGCAGTCAGGT
H5_ForPool,CAAGATTGCCACCNNCAGTCAGGTGAATG
H5_ForPool,TTGCCACCCGCNNCCAGGTGAATGG
H5_ForPool,CCACCCGCAGTNNCGTGAATGGACA
H5_ForPool,CCCGCAGTCAGNNCAATGGACAGAGA
H5_ForPool,GCAGTCAGGTGNNCGGACAGAGAGG
H5_ForPool,CAGTCAGGTGAATNNCCAGAGAGGCAGGAT
H5_ForPool,CAGGTGAATGGANNCAGAGGCAGGATGG
H5_ForPool,GTGAATGGACAGNNCGGCAGGATGGATT
H5_ForPool,GGTGAATGGACAGAGANNCAGGATGGATTTCTTTTG
H5_ForPool,AATGGACAGAGAGGCNNCATGGATTTCTTTTGG
H5_ForPool,ACAGAGAGGCAGGNNCGATTTCTTTTGGAC
H5_ForPool,ACAGAGAGGCAGGATGNNCTTCTTTTGGACTATAC
H5_ForPool,AGAGAGGCAGGATGGATNNCTTTTGGACTATACTGAA
H5_ForPool,GGCAGGATGGATTTCNNCTGGACTATACTGAAG
H5_ForPool,CAGGATGGATTTCTTTNNCACTATACTGAAGCCGGA
H5_ForPool,ATGGATTTCTTTTGGNNCATACTGAAGCCGGAC
H5_ForPool,TTTCTTTTGGACTNNCCTGAAGCCGGACG
H5_ForPool,CTTTTGGACTATANNCAAGCCGGACGACG
H5_ForPool,GGACTATACTGNNCCCGGACGACGC
H5_ForPool,GACTATACTGAAGNNCGACGACGCGATTCA
H5_ForPool,TACTGAAGCCGNNCGACGCGATTCA
H5_ForPool,TGAAGCCGGACNNCGCGATTCACTTT
H5_ForPool,TGAAGCCGGACGACNNCATTCACTTTGAATC
H5_ForPool,CGGACGACGCGNNCCACTTTGAATC
H5_ForPool,GGACGACGCGATTNNCTTTGAATCTAACGG
H5_ForPool,GACGCGATTCACNNCGAATCTAACGGC
H5_ForPool,GACGCGATTCACTTTNNCTCTAACGGCAACTTTA
H5_ForPool,GCGATTCACTTTGAANNCAACGGCAACTTTATCG
H5_ForPool,ATTCACTTTGAATCTNNCGGCAACTTTATCGCCC
H5_ForPool,TTCACTTTGAATCTAACNNCAACTTTATCGCCCCTGA
H5_ForPool,TGAATCTAACGGCNNCTTTATCGCCCCTGA
H5_ForPool,CTAACGGCAACNNCATCGCCCCTGA
H5_ForPool,AACGGCAACTTTNNCGCCCCTGAGTAC
H5_ForPool,CTAACGGCAACTTTATCNNCCCTGAGTACGCTTATAA
H5_ForPool,GGCAACTTTATCGCCNNCGAGTACGCTTATAAG
H5_ForPool,GCAACTTTATCGCCCCTNNCTACGCTTATAAGATAGT
H5_ForPool,CTTTATCGCCCCTGAGNNCGCTTATAAGATAGTGAA
H5_ForPool,TTTATCGCCCCTGAGTACNNCTATAAGATAGTGAAGAAGG
H5_ForPool,CCCCTGAGTACGCTNNCAAGATAGTGAAGAAG
H5_ForPool,CCCTGAGTACGCTTATNNCATAGTGAAGAAGGGTG
H5_ForPool,CTGAGTACGCTTATAAGNNCGTGAAGAAGGGTGATAG
H5_ForPool,TGAGTACGCTTATAAGATANNCAAGAAGGGTGATAGTACGA
H5_ForPool,ACGCTTATAAGATAGTGNNCAAGGGTGATAGTACGATC
H5_ForPool,GCTTATAAGATAGTGAAGNNCGGTGATAGTACGATCATGA
H5_ForPool,CTTATAAGATAGTGAAGAAGNNCGATAGTACGATCATGAAGAGC
H5_ForPool,AGATAGTGAAGAAGGGTNNCAGTACGATCATGAAGAGC
H5_ForPool,GTGAAGAAGGGTGATNNCACGATCATGAAGAGC
H5_ForPool,AAGAAGGGTGATAGTNNCATCATGAAGAGCGGG
H5_ForPool,GGTGATAGTACGNNCATGAAGAGCGGGG
H5_ForPool,GTGATAGTACGATCNNCAAGAGCGGGGTTGA
H5_ForPool,ATAGTACGATCATGNNCAGCGGGGTTGAGTA
H5_ForPool,TACGATCATGAAGNNCGGGGTTGAGTACG
H5_ForPool,GATCATGAAGAGCNNCGTTGAGTACGGTCA
H5_ForPool,TGAAGAGCGGGNNCGAGTACGGTCA
H5_ForPool,CATGAAGAGCGGGGTTNNCTACGGTCATTGTAATA
H5_ForPool,GAGCGGGGTTGAGNNCGGTCATTGTAATAC
H5_ForPool,AGCGGGGTTGAGTACNNCCATTGTAATACAAAGT
H5_ForPool,GGGGTTGAGTACGGTNNCTGTAATACAAAGTGC
H5_ForPool,GTTGAGTACGGTCATNNCAATACAAAGTGCCAGA
H5_ForPool,AGTACGGTCATTGTNNCACAAAGTGCCAGAC
H5_ForPool,ACGGTCATTGTAATNNCAAGTGCCAGACACC
H5_ForPool,GTCATTGTAATACANNCTGCCAGACACCGGTT
H5_ForPool,ATTGTAATACAAAGNNCCAGACACCGGTTGGG
H5_ForPool,TAATACAAAGTGCNNCACACCGGTTGGGG
H5_ForPool,CAAAGTGCCAGNNCCCGGTTGGGGC
H5_ForPool,AAAGTGCCAGACANNCGTTGGGGCAATTAA
H5_ForPool,GCCAGACACCGNNCGGGGCAATTAA
H5_ForPool,CCAGACACCGGTTNNCGCAATTAACTCATC
H5_ForPool,CAGACACCGGTTGGGNNCATTAACTCATCTATG
H5_ForPool,CCGGTTGGGGCANNCAACTCATCTATG
H5_ForPool,GGTTGGGGCAATTNNCTCATCTATGCCCTT
H5_ForPool,GTTGGGGCAATTAACNNCTCTATGCCCTTTCATA
H5_ForPool,TTGGGGCAATTAACTCANNCATGCCCTTTCATAATATC
H5_ForPool,GGGGCAATTAACTCATCTNNCCCCTTTCATAATATCCAC
H5_ForPool,GGGCAATTAACTCATCTATGNNCTTTCATAATATCCACCCATT
H5_ForPool,TTAACTCATCTATGCCCNNCCATAATATCCACCCATTG
H5_ForPool,ACTCATCTATGCCCTTTNNCAATATCCACCCATTGAC
H5_ForPool,ATCTATGCCCTTTCATNNCATCCACCCATTGACAAT
H5_ForPool,TATGCCCTTTCATAATNNCCACCCATTGACAATCG
H5_ForPool,GCCCTTTCATAATATCNNCCCATTGACAATCGGTG
H5_ForPool,CCTTTCATAATATCCACNNCTTGACAATCGGTGAGTG
H5_ForPool,TCATAATATCCACCCANNCACAATCGGTGAGTGTC
H5_ForPool,TATCCACCCATTGNNCATCGGTGAGTGTC
H5_ForPool,CACCCATTGACANNCGGTGAGTGTCCAA
H5_ForPool,CACCCATTGACAATCNNCGAGTGTCCAAAGTATG
H5_ForPool,ACCCATTGACAATCGGTNNCTGTCCAAAGTATGTTAA
H5_ForPool,CATTGACAATCGGTGAGNNCCCAAAGTATGTTAAAAGC
H5_ForPool,TGACAATCGGTGAGTGTNNCAAGTATGTTAAAAGCAA
H5_ForPool,ACAATCGGTGAGTGTCCANNCTATGTTAAAAGCAATAAA
H5_ForPool,CGGTGAGTGTCCAAAGNNCGTTAAAAGCAATAAAC
H5_ForPool,GGTGAGTGTCCAAAGTATNNCAAAAGCAATAAACTGGTT
H5_ForPool,AGTGTCCAAAGTATGTTNNCAGCAATAAACTGGTTCTG
H5_ForPool,TGTCCAAAGTATGTTAAANNCAATAAACTGGTTCTGGCA
H5_ForPool,CAAAGTATGTTAAAAGCNNCAAACTGGTTCTGGCAAC
H5_ForPool,TATGTTAAAAGCAATNNCCTGGTTCTGGCAACGG
H5_ForPool,TTAAAAGCAATAAANNCGTTCTGGCAACGGGC
H5_ForPool,GCAATAAACTGNNCCTGGCAACGGG
H5_ForPool,CAATAAACTGGTTNNCGCAACGGGCCTTAG
H5_ForPool,TAAACTGGTTCTGNNCACGGGCCTTAGGA
H5_ForPool,CTGGTTCTGGCANNCGGCCTTAGGAAC
H5_ForPool,GTTCTGGCAACGNNCCTTAGGAACTCCC
H5_ForPool,TGGCAACGGGCNNCAGGAACTCCCC
H5_ForPool,CAACGGGCCTTNNCAACTCCCCACTC
H5_ForPool,CGGGCCTTAGGNNCTCCCCACTCCG
H5_ForPool,GCCTTAGGAACNNCCCACTCCGCGA
H5_ForPool,CTTAGGAACTCCNNCCTCCGCGAGAAAA
H5_ForPool,TAGGAACTCCCCANNCCGCGAGAAAAGAA
H5_ForPool,GGAACTCCCCACTCNNCGAGAAAAGAAGGAA
H5_ForPool,TCCCCACTCCGCNNCAAAAGAAGGAAG
H5_ForPool,CACTCCGCGAGNNCAGAAGGAAGCG
H5_ForPool,TCCGCGAGAAANNCAGGAAGCGGGG
H5_ForPool,GCGAGAAAAGANNCAAGCGGGGTCTC
H5_ForPool,GAGAAAAGAAGGNNCCGGGGTCTCTTCG
H5_ForPool,GAAAAGAAGGAAGNNCGGTCTCTTCGGTG
H5_ForPool,GAAGGAAGCGGNNCCTCTTCGGTGC
H5_ForPool,GGAAGCGGGGTNNCTTCGGTGCTATT
H5_ForPool,AGCGGGGTCTCNNCGGTGCTATTGC
H5_ForPool,GGGGTCTCTTCNNCGCTATTGCCGG
H5_ForPool,GTCTCTTCGGTNNCATTGCCGGCTTC
H5_ForPool,TCTTCGGTGCTNNCGCCGGCTTCAT
H5_ForPool,TCTTCGGTGCTATTNNCGGCTTCATTGAAGG
H5_ForPool,CGGTGCTATTGCCNNCTTCATTGAAGGTG
H5_ForPool,CTATTGCCGGCNNCATTGAAGGTGGG
H5_ForPool,TTGCCGGCTTCNNCGAAGGTGGGTG
H5_ForPool,CCGGCTTCATTNNCGGTGGGTGGCA
H5_ForPool,GCTTCATTGAANNCGGGTGGCAAGGC
H5_ForPool,CTTCATTGAAGGTNNCTGGCAAGGCATGGT
H5_ForPool,TTGAAGGTGGGNNCCAAGGCATGGT
H5_ForPool,AAGGTGGGTGGNNCGGCATGGTGGA
H5_ForPool,GTGGGTGGCAANNCATGGTGGACGG
H5_ForPool,GGTGGCAAGGCNNCGTGGACGGCTG
H5_ForPool,GGCAAGGCATGNNCGACGGCTGGTA
H5_ForPool,AAGGCATGGTGNNCGGCTGGTACGG
H5_ForPool,GCATGGTGGACNNCTGGTACGGCTAT
H5_ForPool,TGGTGGACGGCNNCTACGGCTATCA
H5_ForPool,TGGACGGCTGGNNCGGCTATCACCA
H5_ForPool,GGACGGCTGGTACNNCTATCACCACTCAA
H5_ForPool,GCTGGTACGGCNNCCACCACTCAAA
H5_ForPool,CTGGTACGGCTATNNCCACTCAAACGAACA
H5_ForPool,GGTACGGCTATCACNNCTCAAACGAACAAGG
H5_ForPool,CGGCTATCACCACNNCAACGAACAAGGATC
H5_ForPool,GCTATCACCACTCANNCGAACAAGGATCTGGA
H5_ForPool,CTATCACCACTCAAACNNCCAAGGATCTGGATACG
H5_ForPool,CCACTCAAACGAANNCGGATCTGGATACGC
H5_ForPool,CTCAAACGAACAANNCTCTGGATACGCCG
H5_ForPool,ACGAACAAGGANNCGGATACGCCGC
H5_ForPool,GAACAAGGATCTNNCTACGCCGCCGATA
H5_ForPool,CAAGGATCTGGANNCGCCGCCGATAAG
H5_ForPool,CAAGGATCTGGATACNNCGCCGATAAGGAAAGTA
H5_ForPool,GGATCTGGATACGCCNNCGATAAGGAAAGTACA
H5_ForPool,GGATACGCCGCCNNCAAGGAAAGTACA
H5_ForPool,TACGCCGCCGATNNCGAAAGTACACAG
H5_ForPool,GCCGCCGATAAGNNCAGTACACAGAAAG
H5_ForPool,CGCCGATAAGGAANNCACACAGAAAGCCAT
H5_ForPool,GCCGATAAGGAAAGTNNCCAGAAAGCCATTGAC
H5_ForPool,GATAAGGAAAGTACANNCAAAGCCATTGACGGC
H5_ForPool,GAAAGTACACAGNNCGCCATTGACGGC
H5_ForPool,AAAGTACACAGAAANNCATTGACGGCGTCACA
H5_ForPool,CACAGAAAGCCNNCGACGGCGTCAC
H5_ForPool,CAGAAAGCCATTNNCGGCGTCACAAACA
H5_ForPool,CAGAAAGCCATTGACNNCGTCACAAACAAAGTG
H5_ForPool,GCCATTGACGGCNNCACAAACAAAGTGA
H5_ForPool,CCATTGACGGCGTCNNCAACAAAGTGAATAG
H5_ForPool,ATTGACGGCGTCACANNCAAAGTGAATAGCATAA
H5_ForPool,ACGGCGTCACAAACNNCGTGAATAGCATAAT
H5_ForPool,ACGGCGTCACAAACAAANNCAATAGCATAATCGATAA
H5_ForPool,CGTCACAAACAAAGTGNNCAGCATAATCGATAAGAT
H5_ForPool,GCGTCACAAACAAAGTGAATNNCATAATCGATAAGATGAATACA
H5_ForPool,CACAAACAAAGTGAATAGCNNCATCGATAAGATGAATACACA
H5_ForPool,ACAAACAAAGTGAATAGCATANNCGATAAGATGAATACACAGTTC
H5_ForPool,ACAAAGTGAATAGCATAATCNNCAAGATGAATACACAGTTCGA
H5_ForPool,AGTGAATAGCATAATCGATNNCATGAATACACAGTTCGAAGC
H5_ForPool,ATAGCATAATCGATAAGNNCAATACACAGTTCGAAGCC
H5_ForPool,ATAATCGATAAGATGNNCACACAGTTCGAAGCCG
H5_ForPool,ATCGATAAGATGAATNNCCAGTTCGAAGCCGTC
H5_ForPool,GATAAGATGAATACANNCTTCGAAGCCGTCGGG
H5_ForPool,ATGAATACACAGNNCGAAGCCGTCGGG
H5_ForPool,ATACACAGTTCNNCGCCGTCGGGAG
H5_ForPool,TGAATACACAGTTCGAANNCGTCGGGAGAGAATTTAA
H5_ForPool,CACAGTTCGAAGCCNNCGGGAGAGAATTTAAC
H5_ForPool,ACAGTTCGAAGCCGTCNNCAGAGAATTTAACAATC
H5_ForPool,CGAAGCCGTCGGGNNCGAATTTAACAATC
H5_ForPool,AAGCCGTCGGGAGANNCTTTAACAATCTCGA
H5_ForPool,CGTCGGGAGAGAANNCAACAATCTCGAGAG
H5_ForPool,TCGGGAGAGAATTTNNCAATCTCGAGAGACG
H5_ForPool,GGGAGAGAATTTAACNNCCTCGAGAGACGCATT
H5_ForPool,GGGAGAGAATTTAACAATNNCGAGAGACGCATTGAAAAC
H5_ForPool,AGAGAATTTAACAATCTCNNCAGACGCATTGAAAACCTT
H5_ForPool,AGAATTTAACAATCTCGAGNNCCGCATTGAAAACCTTAATA
H5_ForPool,GAGAATTTAACAATCTCGAGAGANNCATTGAAAACCTTAATAAGAAGATG
H5_ForPool,ACAATCTCGAGAGACGCNNCGAAAACCTTAATAAGAA
H5_ForPool,AATCTCGAGAGACGCATTNNCAACCTTAATAAGAAGATGG
H5_ForPool,TCGAGAGACGCATTGAANNCCTTAATAAGAAGATGGA
H5_ForPool,GAGAGACGCATTGAAAACNNCAATAAGAAGATGGAAGAT
H5_ForPool,ACGCATTGAAAACCTTNNCAAGAAGATGGAAGATGG
H5_ForPool,CGCATTGAAAACCTTAATNNCAAGATGGAAGATGGCTTT
H5_ForPool,ATTGAAAACCTTAATAAGNNCATGGAAGATGGCTTTCTGG
H5_ForPool,AAAACCTTAATAAGAAGNNCGAAGATGGCTTTCTGGAC
H5_ForPool,CCTTAATAAGAAGATGNNCGATGGCTTTCTGGACG
H5_ForPool,TTAATAAGAAGATGGAANNCGGCTTTCTGGACGTTTG
H5_ForPool,ATAAGAAGATGGAAGATNNCTTTCTGGACGTTTGGACT
H5_ForPool,ATGGAAGATGGCNNCCTGGACGTTTGG
H5_ForPool,ATGGAAGATGGCTTTNNCGACGTTTGGACTTAC
H5_ForPool,GAAGATGGCTTTCTGNNCGTTTGGACTTACAAC
H5_ForPool,TGGCTTTCTGGACNNCTGGACTTACAACG
H5_ForPool,CTTTCTGGACGTTNNCACTTACAACGCGGA
H5_ForPool,TGGACGTTTGGNNCTACAACGCGGA
H5_ForPool,GACGTTTGGACTNNCAACGCGGAGTTG
H5_ForPool,GTTTGGACTTACNNCGCGGAGTTGCTG
H5_ForPool,TTGGACTTACAACNNCGAGTTGCTGGTGC
H5_ForPool,CTTACAACGCGNNCTTGCTGGTGCT
H5_ForPool,ACAACGCGGAGNNCCTGGTGCTGAT
H5_ForPool,ACGCGGAGTTGNNCGTGCTGATGGA
H5_ForPool,GCGGAGTTGCTGNNCCTGATGGAGAAT
H5_ForPool,GGAGTTGCTGGTGNNCATGGAGAATGAAC
H5_ForPool,TGCTGGTGCTGNNCGAGAATGAACG
H5_ForPool,CTGGTGCTGATGNNCAATGAACGCACAT
H5_ForPool,GTGCTGATGGAGNNCGAACGCACATTAG
H5_ForPool,GTGCTGATGGAGAATNNCCGCACATTAGACTTTC
H5_ForPool,TGCTGATGGAGAATGAANNCACATTAGACTTTCACGA
H5_ForPool,ATGGAGAATGAACGCNNCTTAGACTTTCACGAC
H5_ForPool,GAATGAACGCACANNCGACTTTCACGACAG
H5_ForPool,GAATGAACGCACATTANNCTTTCACGACAGTAACGT
H5_ForPool,ACGCACATTAGACNNCCACGACAGTAACG
H5_ForPool,AACGCACATTAGACTTTNNCGACAGTAACGTTAAGAA
H5_ForPool,CGCACATTAGACTTTCACNNCAGTAACGTTAAGAATCTG
H5_ForPool,CACATTAGACTTTCACGACNNCAACGTTAAGAATCTGTATG
H5_ForPool,ACATTAGACTTTCACGACAGTNNCGTTAAGAATCTGTATGATAAG
H5_ForPool,AGACTTTCACGACAGTAACNNCAAGAATCTGTATGATAAGG
H5_ForPool,TTTCACGACAGTAACGTTNNCAATCTGTATGATAAGGTGC
H5_ForPool,CGACAGTAACGTTAAGNNCCTGTATGATAAGGTGC
H5_ForPool,ACAGTAACGTTAAGAATNNCTATGATAAGGTGCGCCT
H5_ForPool,CGTTAAGAATCTGNNCGATAAGGTGCGCCT
H5_ForPool,GTTAAGAATCTGTATNNCAAGGTGCGCCTGCAA
H5_ForPool,GAATCTGTATGATNNCGTGCGCCTGCAACT
H5_ForPool,TCTGTATGATAAGNNCCGCCTGCAACTCC
H5_ForPool,TGTATGATAAGGTGNNCCTGCAACTCCGAGA
H5_ForPool,GATAAGGTGCGCNNCCAACTCCGAGAC
H5_ForPool,AGGTGCGCCTGNNCCTCCGAGACAA
H5_ForPool,TGCGCCTGCAANNCCGAGACAACGC
H5_ForPool,GCCTGCAACTCNNCGACAACGCCAA
H5_ForPool,CTGCAACTCCGANNCAACGCCAAAGAAC
H5_ForPool,CAACTCCGAGACNNCGCCAAAGAACTTG
H5_ForPool,CAACTCCGAGACAACNNCAAAGAACTTGGAAATG
H5_ForPool,CGAGACAACGCCNNCGAACTTGGAAATG
H5_ForPool,AGACAACGCCAAANNCCTTGGAAATGGGT
H5_ForPool,AACGCCAAAGAANNCGGAAATGGGTGC
H5_ForPool,CGCCAAAGAACTTNNCAATGGGTGCTTTGA
H5_ForPool,CAAAGAACTTGGANNCGGGTGCTTTGAGTT
H5_ForPool,GCCAAAGAACTTGGAAATNNCTGCTTTGAGTTTTACCAT
H5_ForPool,AAAGAACTTGGAAATGGGNNCTTTGAGTTTTACCATAAGT
H5_ForPool,CTTGGAAATGGGTGCNNCGAGTTTTACCATAAGT
H5_ForPool,TGGAAATGGGTGCTTTNNCTTTTACCATAAGTGCG
H5_ForPool,TGGGTGCTTTGAGNNCTACCATAAGTGCG
H5_ForPool,GGTGCTTTGAGTTTNNCCATAAGTGCGACAAC
H5_ForPool,GCTTTGAGTTTTACNNCAAGTGCGACAACGAG
H5_ForPool,TTGAGTTTTACCATNNCTGCGACAACGAGTG
H5_ForPool,GAGTTTTACCATAAGNNCGACAACGAGTGCATG
H5_ForPool,TTTTACCATAAGTGCNNCAACGAGTGCATGGAG
H5_ForPool,CATAAGTGCGACNNCGAGTGCATGGAGT
H5_ForPool,AAGTGCGACAACNNCTGCATGGAGTCC
H5_ForPool,GCGACAACGAGNNCATGGAGTCCGT
H5_ForPool,GACAACGAGTGCNNCGAGTCCGTTAGG
H5_ForPool,AACGAGTGCATGNNCTCCGTTAGGAACG
H5_ForPool,AGTGCATGGAGNNCGTTAGGAACGG
H5_ForPool,GCATGGAGTCCNNCAGGAACGGCAC
H5_ForPool,ATGGAGTCCGTTNNCAACGGCACCTAC
H5_ForPool,AGTCCGTTAGGNNCGGCACCTACGA
H5_ForPool,GAGTCCGTTAGGAACNNCACCTACGATTATCCAC
H5_ForPool,CGTTAGGAACGGCNNCTACGATTATCCACA
H5_ForPool,GTTAGGAACGGCACCNNCGATTATCCACAATAC
H5_ForPool,GGAACGGCACCTACNNCTATCCACAATACTCT
H5_ForPool,CGGCACCTACGATNNCCCACAATACTCTGA
H5_ForPool,CGGCACCTACGATTATNNCCAATACTCTGAAGAGG
H5_ForPool,ACCTACGATTATCCANNCTACTCTGAAGAGGCG
H5_ForPool,CGATTATCCACAANNCTCTGAAGAGGCGCG
H5_ForPool,TATCCACAATACNNCGAAGAGGCGCGG
H5_ForPool,CACAATACTCTNNCGAGGCGCGGCT
H5_ForPool,CAATACTCTGAANNCGCGCGGCTGAAG
H5_ForPool,ACTCTGAAGAGNNCCGGCTGAAGCG
H5_ForPool,CTGAAGAGGCGNNCCTGAAGCGCGA
H5_ForPool,AAGAGGCGCGGNNCAAGCGCGAGGA
H5_ForPool,AGGCGCGGCTGNNCCGCGAGGAGAT
H5_ForPool,CGCGGCTGAAGNNCGAGGAGATTTC
H5_ForPool,GGCTGAAGCGCNNCGAGATTTCCGG
H5_ForPool,TGAAGCGCGAGNNCATTTCCGGGGT
H5_ForPool,AGCGCGAGGAGNNCTCCGGGGTTAA
H5_ForPool,CGCGAGGAGATTNNCGGGGTTAAGCTG
H5_ForPool,CGAGGAGATTTCCNNCGTTAAGCTGGAGTC
H5_ForPool,GAGATTTCCGGGNNCAAGCTGGAGTCC
H5_ForPool,TTTCCGGGGTTNNCCTGGAGTCCGT
H5_ForPool,CCGGGGTTAAGNNCGAGTCCGTTGG
H5_ForPool,GGGTTAAGCTGNNCTCCGTTGGCAC
H5_ForPool,GGTTAAGCTGGAGNNCGTTGGCACATATCA
H5_ForPool,GTTAAGCTGGAGTCCNNCGGCACATATCAAATTC
H5_ForPool,GGTTAAGCTGGAGTCCGTTNNCACATATCAAATTCTTAGTA
H5_ForPool,GCTGGAGTCCGTTGGCNNCTATCAAATTCTTAGTAT
H5_ForPool,TGGAGTCCGTTGGCACANNCCAAATTCTTAGTATATA
H5_ForPool,GGAGTCCGTTGGCACATATNNCATTCTTAGTATATACTCCA
H5_ForPool,CCGTTGGCACATATCAANNCCTTAGTATATACTCCACC
H5_ForPool,TTGGCACATATCAAATTNNCAGTATATACTCCACCGCA
H5_ForPool,GCACATATCAAATTCTTNNCATATACTCCACCGCAGC
H5_ForPool,ATATCAAATTCTTAGTNNCTACTCCACCGCAGCCAG
H5_ForPool,CAAATTCTTAGTATANNCTCCACCGCAGCCAGC
H5_ForPool,TTCTTAGTATATACNNCACCGCAGCCAGCAG
H5_ForPool,TAGTATATACTCCNNCGCAGCCAGCAGCC
H5_ForPool,TATACTCCACCNNCGCCAGCAGCCT
H5_ForPool,ACTCCACCGCANNCAGCAGCCTCGC
H5_ForPool,CCACCGCAGCCNNCAGCCTCGCGCT
H5_ForPool,CCGCAGCCAGCNNCCTCGCGCTCGC
H5_ForPool,CAGCCAGCAGCNNCGCGCTCGCCAT
H5_ForPool,CCAGCAGCCTCNNCCTCGCCATAATG
H5_ForPool,GCAGCCTCGCGNNCGCCATAATGAT
H5_ForPool,GCCTCGCGCTCNNCATAATGATGGC
H5_ForPool,TCGCGCTCGCCNNCATGATGGCCGG
H5_ForPool,CGCTCGCCATANNCATGGCCGGACT
H5_ForPool,TCGCCATAATGNNCGCCGGACTGAG
H5_ForPool,GCCATAATGATGNNCGGACTGAGCCTCT
H5_ForPool,ATAATGATGGCCNNCCTGAGCCTCTGGA
H5_ForPool,TGATGGCCGGANNCAGCCTCTGGAT
H5_ForPool,TGGCCGGACTGNNCCTCTGGATGTG
H5_ForPool,CCGGACTGAGCNNCTGGATGTGTAGC
H5_ForPool,GGACTGAGCCTCNNCATGTGTAGCAACG
H5_ForPool,TGAGCCTCTGGNNCTGTAGCAACGG
H5_ForPool,GCCTCTGGATGNNCAGCAACGGTTC
H5_ForPool,CTCTGGATGTGTNNCAACGGTTCCTTGC
H5_ForPool,CTGGATGTGTAGCNNCGGTTCCTTGCAAT
H5_ForPool,GATGTGTAGCAACNNCTCCTTGCAATGTCG
H5_ForPool,TGTAGCAACGGTNNCTTGCAATGTCGC
H5_ForPool,TAGCAACGGTTCCNNCCAATGTCGCATTT
H5_ForPool,CAACGGTTCCTTGNNCTGTCGCATTTGTAT
H5_ForPool,CAACGGTTCCTTGCAANNCCGCATTTGTATCtaata
H5_ForPool,ACGGTTCCTTGCAATGTNNCATTTGTATCtaataggc
H5_ForPool,CCTTGCAATGTCGCNNCTGTATCtaataggcg
H5_ForPool,GCAATGTCGCATTNNCATCtaataggcgcg
H5_ForPool,TGTCGCATTTGTNNCtaataggcgcgc
H5_RevPool,CACGATATTTTCGNNggtggcacgcg
H5_RevPool,AAAGCACGATATTGNNCATggtggcacg
H5_RevPool,CAAAAGCACGATGNNTTCCATggtggc
H5_RevPool,CGAGCAAAAGCACGNNATTTTCCATggtg
H5_RevPool,AATGGCGAGCAAAAGGNNGATATTTTCCATggt
H5_RevPool,ACAATGGCGAGCAAGNNCACGATATTTTCC
H5_RevPool,TGACACAATGGCGAGGNNAAGCACGATATTTTC
H5_RevPool,GTGACACAATGGCGNNCAAAAGCACGATA
H5_RevPool,CGAGTGACACAATGNNGAGCAAAAGCACG
H5_RevPool,ACGAGTGACACGNNGGCGAGCAAAA
H5_RevPool,GACTTCACGAGTGAGNNAATGGCGAGCAAAA
H5_RevPool,GGACTTCACGAGGNNCACAATGGCGA
H5_RevPool,GTCGGACTTCACGNNTGACACAATGGC
H5_RevPool,GATTTGGTCGGACTTGNNGAGTGACACAATGG
H5_RevPool,AGATTTGGTCGGAGNNCACGAGTGACAC
H5_RevPool,GATACAGATTTGGTCGNNCTTCACGAGTGACAC
H5_RevPool,CCGATACAGATTTGGNNGGACTTCACGAGTG
H5_RevPool,TACCCGATACAGATGNNGTCGGACTTCACG
H5_RevPool,GTGATACCCGATACAGNNTTGGTCGGACTTCA
H5_RevPool,CGTGATACCCGATGNNGATTTGGTCGGAC
H5_RevPool,TGGCGTGATACCCGNNACAGATTTGGTC
H5_RevPool,GAGTTATTGGCGTGATAGNNGATACAGATTTGGTCG
H5_RevPool,GAGTTATTGGCGTGGNNCCCGATACAGATTT
H5_RevPool,TTCAGTAGAGTTATTGGCGNNATACCCGATACAGATTT
H5_RevPool,CCTGTTCAGTAGAGTTATTGNNGTGATACCCGATACAGAT
H5_RevPool,GTTCAGTAGAGTTGNNGGCGTGATACCCG
H5_RevPool,CACCTGTTCAGTAGAGNNATTGGCGTGATACC
H5_RevPool,TATCCACCTGTTCAGTGNNGTTATTGGCGTGATA
H5_RevPool,GTATCCACCTGTTCGNNAGAGTTATTGGCGT
H5_RevPool,ATAATGGTATCCACCTGGNNAGTAGAGTTATTGGCG
H5_RevPool,CTCCATAATGGTATCCACGNNTTCAGTAGAGTTATTGGC
H5_RevPool,TCTTCTCCATAATGGTATCGNNCTGTTCAGTAGAGTTATTG
H5_RevPool,TTCTTCTCCATAATGGTGNNCACCTGTTCAGTAGAG
H5_RevPool,CACATTCTTCTCCATAATGNNATCCACCTGTTCAGTAGA
H5_RevPool,TCACATTCTTCTCCATGNNGGTATCCACCTGTTC
H5_RevPool,GGTCACATTCTTCTCGNNAATGGTATCCACCTG
H5_RevPool,TCACGGTCACATTCTTGNNCATAATGGTATCCAC
H5_RevPool,GGTCACGGTCACATTGNNCTCCATAATGGTATC
H5_RevPool,GGGTCACGGTCACGNNCTTCTCCATAATG
H5_RevPool,CGTGGGTCACGGTGNNATTCTTCTCCATA
H5_RevPool,GCGTGGGTCACGNNCACATTCTTCT
H5_RevPool,TGCGCGTGGGTGNNGGTCACATTCT
H5_RevPool,TCCTGCGCGTGGNNCACGGTCACAT
H5_RevPool,ATATCCTGCGCGNNGGTCACGGTCA
H5_RevPool,CTCTAAAATATCCTGGNNGTGGGTCACGGTCA
H5_RevPool,TTCTCTAAAATATCGNNCGCGTGGGTCACG
H5_RevPool,TCTTCTCTAAAATGNNCTGCGCGTGGGTC
H5_RevPool,GAGTCTTCTCTAAGNNATCCTGCGCGTGG
H5_RevPool,CATTATGAGTCTTCTCGNNAATATCCTGCGCGTG
H5_RevPool,TTGCCATTATGAGTCTTGNNTAAAATATCCTGCGCG
H5_RevPool,TAATTTGCCATTATGAGTGNNCTCTAAAATATCCTGCGC
H5_RevPool,CGCATAATTTGCCATTATGGNNCTTCTCTAAAATATCCTGC
H5_RevPool,AGTCGCATAATTTGCCATTGNNAGTCTTCTCTAAAATATCC
H5_RevPool,CAAGTCGCATAATTTGCCGNNATGAGTCTTCTCTAAAA
H5_RevPool,CCGTTCAAGTCGCATAATTTGNNATTATGAGTCTTCTCTAAAA
H5_RevPool,CGTTCAAGTCGCATAAGNNGCCATTATGAGTCTTC
H5_RevPool,CCGTTCAAGTCGCAGNNTTTGCCATTATGAG
H5_RevPool,TTAACGCCGTTCAAGTCGNNTAATTTGCCATTATGA
H5_RevPool,GTTTAACGCCGTTCAAGNNGCATAATTTGCCATTA
H5_RevPool,GGTTTAACGCCGTTGNNGTCGCATAATTTG
H5_RevPool,GGGTTTAACGCCGNNCAAGTCGCATAA
H5_RevPool,AGTATGAGGGGTTTAACGNNGTTCAAGTCGCATAATT
H5_RevPool,GTATGAGGGGTTTGNNGCCGTTCAAGTC
H5_RevPool,GAGTATGAGGGGGNNAACGCCGTTCAA
H5_RevPool,CAGTCTTTGAGTATGAGGNNTTTAACGCCGTTCAAG
H5_RevPool,CAGTCTTTGAGTATGNNGGGTTTAACGCCGT
H5_RevPool,GAGCAGTCTTTGAGGNNGAGGGGTTTAACG
H5_RevPool,CCACAGAGCAGTCTTTGNNTATGAGGGGTTTAAC
H5_RevPool,CACAGAGCAGTCGNNGAGTATGAGGGG
H5_RevPool,CCTGCCACAGAGCAGNNTTTGAGTATGAGG
H5_RevPool,CAACCTGCCACAGAGNNGTCTTTGAGTATGA
H5_RevPool,CAACCTGCCACGNNGCAGTCTTTGA
H5_RevPool,CAGCCAACCTGCGNNAGAGCAGTCTTT
H5_RevPool,AGCAGCCAACCGNNCACAGAGCAGT
H5_RevPool,CCCAGCAGCCAGNNTGCCACAGAGC
H5_RevPool,TTGCCCAGCAGGNNACCTGCCACAG
H5_RevPool,GGATTGCCCAGGNNCCAACCTGCCA
H5_RevPool,ATGGGATTGCCGNNCAGCCAACCTG
H5_RevPool,ACACATGGGATTGNNCAGCAGCCAAC
H5_RevPool,TCACACATGGGGNNGCCCAGCAGCC
H5_RevPool,ACTCATCACACATGNNATTGCCCAGCAG
H5_RevPool,ATAAACTCATCACAGNNGGGATTGCCCAGC
H5_RevPool,CGAATAAACTCATCGNNCATGGGATTGCCCA
H5_RevPool,TACCCGAATAAACTCGNNACACATGGGATTGC
H5_RevPool,TCAGGTACCCGAATAAAGNNATCACACATGGGATTG
H5_RevPool,TCAGGTACCCGAATGNNCTCATCACACATG
H5_RevPool,CACTCAGGTACCCGGNNAAACTCATCACAC
H5_RevPool,TAACTCCACTCAGGTACGNNAATAAACTCATCACACA
H5_RevPool,ATATAACTCCACTCAGGGNNCCGAATAAACTCATCAC
H5_RevPool,CAACAATATAACTCCACTCGNNTACCCGAATAAACTCATCA
H5_RevPool,TTTCAACAATATAACTCCAGNNAGGTACCCGAATAAACTCA
H5_RevPool,CTCTTTCAACAATATAACTGNNCTCAGGTACCCGAATAAAC
H5_RevPool,CTCTTTCAACAATATAGNNCCACTCAGGTACCCGA
H5_RevPool,GGCTCTTTCAACAATGNNACTCCACTCAGGTAC
H5_RevPool,GATTGGCTCTTTCAACGNNATAACTCCACTCAGG
H5_RevPool,CGGGATTGGCTCTTTCGNNAATATAACTCCACTCA
H5_RevPool,CGCGGGATTGGCTCTGNNAACAATATAACTCC
H5_RevPool,GTTCGCGGGATTGGCGNNTTCAACAATATAAC
H5_RevPool,TAAATCGTTCGCGGGATTGNNTCTTTCAACAATATAACT
H5_RevPool,TCGTTCGCGGGGNNGGCTCTTTCAA
H5_RevPool,GCATAAATCGTTCGCGNNATTGGCTCTTTCAAC
H5_RevPool,GATAGCATAAATCGTTGNNGGGATTGGCTCTTTCA
H5_RevPool,GATAGCATAAATCGNNCGCGGGATTGGC
H5_RevPool,CGGGATAGCATAAGNNGTTCGCGGGATTG
H5_RevPool,CCGGGATAGCAGNNATCGTTCGCGG
H5_RevPool,GACTGCCGGGATAGNNTAAATCGTTCGC
H5_RevPool,TTAAGACTGCCGGGGNNGCATAAATCGTTC
H5_RevPool,TAATCGTTAAGACTGCCGNNATAGCATAAATCGTTCG
H5_RevPool,TCGTAATCGTTAAGACTGNNGGGATAGCATAAATCGT
H5_RevPool,CTCGTAATCGTTAAGGNNGCCGGGATAGCATAA
H5_RevPool,TCCTCGTAATCGTTGNNACTGCCGGGATAG
H5_RevPool,CTCCTCGTAATCGNNAAGACTGCCGGG
H5_RevPool,CTTTAACTCCTCGTAGNNGTTAAGACTGCCGG
H5_RevPool,GTGCTTTAACTCCTCGNNATCGTTAAGACTGCC
H5_RevPool,AGCATGTGCTTTAACTCGNNGTAATCGTTAAGACTG
H5_RevPool,GACAGCATGTGCTTTAAGNNCTCGTAATCGTTAAGA
H5_RevPool,ACAGCATGTGCTTGNNCTCCTCGTAATCG
H5_RevPool,TCCTTGACAGCATGTGGNNTAACTCCTCGTAATC
H5_RevPool,TTGATCCTTGACAGCATGNNCTTTAACTCCTCGTAAT
H5_RevPool,GTTGATCCTTGACAGGNNGTGCTTTAACTCCTC
H5_RevPool,AGTGGTTGATCCTTGAGNNCATGTGCTTTAACTC
H5_RevPool,GAAGTGGTTGATCCTGNNCAGCATGTGCTTTA
H5_RevPool,CGAAGTGGTTGATGNNTGACAGCATGTGC
H5_RevPool,TTCTCGAAGTGGTTGNNCCTTGACAGCATG
H5_RevPool,GATTTTCTCGAAGTGGNNGATCCTTGACAGCAT
H5_RevPool,TGAGGATTTTCTCGAAGNNGTTGATCCTTGACAG
H5_RevPool,ATAATGAGGATTTTCTCGNNGTGGTTGATCCTTGACA
H5_RevPool,GGGATAATGAGGATTTTGNNGAAGTGGTTGATCCTTG
H5_RevPool,TTGGGATAATGAGGATGNNCTCGAAGTGGTTGAT
H5_RevPool,GATTTTGGGATAATGAGGNNTTTCTCGAAGTGGTTGA
H5_RevPool,GCTTGATTTTGGGATAATGNNGATTTTCTCGAAGTGGT
H5_RevPool,CAGCTTGATTTTGGGATGNNGAGGATTTTCTCGAAG
H5_RevPool,GCCAGCTTGATTTTGGGNNAATGAGGATTTTCTC
H5_RevPool,GTTAGGCCAGCTTGATTTGNNGATAATGAGGATTTTCT
H5_RevPool,GTTAGGCCAGCTTGAGNNTGGGATAATGAGGAT
H5_RevPool,GTGGTTAGGCCAGCTGNNTTTTGGGATAATGAG
H5_RevPool,TCTCGTGGTTAGGCCAGNNTGATTTTGGGATAAT
H5_RevPool,GTCTCGTGGTTAGGGNNGCTTGATTTTGGG
H5_RevPool,TGGTCTCGTGGTTGNNCCAGCTTGATTTT
H5_RevPool,CTGGTCTCGTGGNNAGGCCAGCTTG
H5_RevPool,AGGCTGGTCTCGNNGTTAGGCCAGC
H5_RevPool,CCCAGGCTGGTGNNGTGGTTAGGCC
H5_RevPool,ACGCCCAGGCTGNNCTCGTGGTTAG
H5_RevPool,GATACGCCCAGGNNGGTCTCGTGGT
H5_RevPool,GCAGATACGCCGNNGCTGGTCTCGT
H5_RevPool,GCAGCAGATACGNNCAGGCTGGTCT
H5_RevPool,CAGGCAGCAGAGNNGCCCAGGCTGG
H5_RevPool,GGGCAGGCAGCGNNTACGCCCAGGC
H5_RevPool,TAGGGGCAGGCGNNAGATACGCCCA
H5_RevPool,CTTGATAGGGGCAGNNAGCAGATACGCC
H5_RevPool,GCCTTGATAGGGGNNGGCAGCAGATAC
H5_RevPool,GCGCCTTGATAGNNGCAGGCAGCAG
H5_RevPool,GGGGCGCCTTGGNNGGGGCAGGCAG
H5_RevPool,CTAGGGGCGCCGNNATAGGGGCAGG
H5_RevPool,GAAGCTAGGGGCGNNTTGATAGGGGC
H5_RevPool,CTAAAGAAGCTAGGGNNGCCTTGATAGGGG
H5_RevPool,TTCCTAAAGAAGCTGNNGGCGCCTTGATAG
H5_RevPool,CGTTCCTAAAGAAGNNAGGGGCGCCTTG
H5_RevPool,GACGTTCCTAAAGNNGCTAGGGGCGC
H5_RevPool,GACGACGTTCCTGNNGAAGCTAGGGG
H5_RevPool,AACCAGACGACGTTGNNAAAGAAGCTAGGG
H5_RevPool,TTAATTAACCAGACGACGNNCCTAAAGAAGCTAGGG
H5_RevPool,TCTTCTTAATTAACCAGACGNNGTTCCTAAAGAAGCTAGG
H5_RevPool,TCATTCTTCTTAATTAACCAGNNGACGTTCCTAAAGAAGCTA
H5_RevPool,CGTCATTCTTCTTAATTAAGNNGACGACGTTCCTAAAGAAG
H5_RevPool,GTCATTCTTCTTAATGNNCCAGACGACGTTCCT
H5_RevPool,GCGTCATTCTTCTTGNNTAACCAGACGACGT
H5_RevPool,GATAGGCGTCATTCTTGNNAATTAACCAGACGACG
H5_RevPool,TGGGATAGGCGTCATTGNNCTTAATTAACCAGAC
H5_RevPool,ATAGTGGGATAGGCGTCGNNCTTCTTAATTAACCAG
H5_RevPool,AGATTTTAATAGTGGGATAGGCGNNATTCTTCTTAATTAACCAGAC
H5_RevPool,ATAAGAGATTTTAATAGTGGGATAGNNGTCATTCTTCTTAATTAACCAGAC
H5_RevPool,AGAGATTTTAATAGTGGGGNNGGCGTCATTCTTCTTAA
H5_RevPool,GTTGTTATAAGAGATTTTAATAGTGNNATAGGCGTCATTCTTCTTAATTAA
H5_RevPool,TTGTTATAAGAGATTTTAATGNNGGGATAGGCGTCATTCTTCT
H5_RevPool,TGTTGTTATAAGAGATTTTGNNAGTGGGATAGGCGTCATT
H5_RevPool,AGTGTTGTTATAAGAGATGNNAATAGTGGGATAGGCGTC
H5_RevPool,CGGTTAGTGTTGTTATAAGAGNNTTTAATAGTGGGATAGGCG
H5_RevPool,TCGCGGTTAGTGTTGTTATAGNNGATTTTAATAGTGGGATAG
H5_RevPool,TCGCGGTTAGTGTTGTTGNNAGAGATTTTAATAGTGG
H5_RevPool,GGTCCTCGCGGTTAGTGTTGNNATAAGAGATTTTAATAGT
H5_RevPool,AGGTCCTCGCGGTTAGTGNNGTTATAAGAGATTTTAA
H5_RevPool,AGGTCCTCGCGGTTGNNGTTGTTATAAGAGA
H5_RevPool,GCAGGTCCTCGCGGNNAGTGTTGTTATAA
H5_RevPool,AAGATCAGCAGGTCCTCGNNGTTAGTGTTGTTATAAG
H5_RevPool,GATCAGCAGGTCGNNGCGGTTAGTGTT
H5_RevPool,CAAGATCAGCAGGNNCTCGCGGTTAGT
H5_RevPool,CACAAGATCAGGNNGTCCTCGCGGT
H5_RevPool,CCCCACAAGATGNNCAGGTCCTCGC
H5_RevPool,ATGCCCCACAAGNNCAGCAGGTCCT
H5_RevPool,GTGTATGCCCCAGNNGATCAGCAGGTC
H5_RevPool,AGTGGTGTATGCCGNNCAAGATCAGCAG
H5_RevPool,TATTTGAGTGGTGTATGNNCCACAAGATCAGCAG
H5_RevPool,TTATTTGAGTGGTGGNNGCCCCACAAGATC
H5_RevPool,GCGTTATTTGAGTGGNNTATGCCCCACAAGA
H5_RevPool,CGGCGTTATTTGAGNNGTGTATGCCCCA
H5_RevPool,CTCGGCGTTATTGNNGTGGTGTATGCC
H5_RevPool,GTTCCTCGGCGTTGNNTGAGTGGTGTAT
H5_RevPool,GTTTGTTCCTCGGCGNNATTTGAGTGGTGTA
H5_RevPool,GTTGGTTTGTTCCTCGNNGTTATTTGAGTGGTG
H5_RevPool,AAGGTTGGTTTGTTCGNNGGCGTTATTTGAGT
H5_RevPool,TTATAAAGGTTGGTTTGGNNCTCGGCGTTATTTGAG
H5_RevPool,TTCTTATAAAGGTTGGTGNNTTCCTCGGCGTTATTTG
H5_RevPool,GGATTCTTATAAAGGTTGNNTTGTTCCTCGGCGTTAT
H5_RevPool,GGGATTCTTATAAAGGNNGGTTTGTTCCTCGGC
H5_RevPool,GTAGTGGGATTCTTATAGNNGTTGGTTTGTTCCTCG
H5_RevPool,ACGTAGTGGGATTCTTGNNAAGGTTGGTTTGTTC
H5_RevPool,AGATATACGTAGTGGGATTGNNATAAAGGTTGGTTTGTTCC
H5_RevPool,AGAGATATACGTAGTGGGGNNCTTATAAAGGTTGGTTTG
H5_RevPool,CCCACAGAGATATACGTAGTGNNATTCTTATAAAGGTTGGTTT
H5_RevPool,GCCCACAGAGATATACGTGNNGGGATTCTTATAAAGGT
H5_RevPool,TAGTGCCCACAGAGATATAGNNAGTGGGATTCTTATAAAGG
H5_RevPool,GCCCACAGAGATGNNCGTAGTGGGATT
H5_RevPool,CTAGTGCCCACAGAGNNATACGTAGTGGGAT
H5_RevPool,GTGCTAGTGCCCACGNNGATATACGTAGTG
H5_RevPool,TCAAGGTGCTAGTGCCGNNAGAGATATACGTAGT
H5_RevPool,TGATTCAAGGTGCTAGTGNNCACAGAGATATACGTAG
H5_RevPool,TTGATTCAAGGTGCTGNNGCCCACAGAGATATA
H5_RevPool,GTTGATTCAAGGTGNNAGTGCCCACAGAG
H5_RevPool,CCGTTGATTCAAGNNGCTAGTGCCCAC
H5_RevPool,CAGCCGTTGATTGNNGGTGCTAGTGC
H5_RevPool,GCCAGCCGTTGGNNCAAGGTGCTAG
H5_RevPool,GGGGCCAGCCGGNNATTCAAGGTGC
H5_RevPool,CTTGGGGGCCAGGNNTTGATTCAAGGT
H5_RevPool,AATCTTGGGGGCGNNCCGTTGATTCAA
H5_RevPool,GCAATCTTGGGGNNCAGCCGTTGAT
H5_RevPool,GTGGCAATCTTGNNGGCCAGCCGTT
H5_RevPool,CGGGTGGCAATGNNGGGGGCCAGCC
H5_RevPool,CTGCGGGTGGCGNNCTTGGGGGCCA
H5_RevPool,CTGACTGCGGGTGNNAATCTTGGGGG
H5_RevPool,ACCTGACTGCGGNNGGCAATCTTGG
H5_RevPool,CATTCACCTGACTGNNGGTGGCAATCTTG
H5_RevPool,CCATTCACCTGGNNGCGGGTGGCAA
H5_RevPool,TGTCCATTCACGNNACTGCGGGTGG
H5_RevPool,TCTCTGTCCATTGNNCTGACTGCGGG
H5_RevPool,CCTCTCTGTCCGNNCACCTGACTGC
H5_RevPool,ATCCTGCCTCTCTGGNNATTCACCTGACTG
H5_RevPool,CCATCCTGCCTCTGNNTCCATTCACCTG
H5_RevPool,AATCCATCCTGCCGNNCTGTCCATTCAC
H5_RevPool,CAAAAGAAATCCATCCTGNNTCTCTGTCCATTCACC
H5_RevPool,CCAAAAGAAATCCATGNNGCCTCTCTGTCCATT
H5_RevPool,GTCCAAAAGAAATCGNNCCTGCCTCTCTGT
H5_RevPool,GTATAGTCCAAAAGAAGNNCATCCTGCCTCTCTGT
H5_RevPool,TTCAGTATAGTCCAAAAGNNATCCATCCTGCCTCTCT
H5_RevPool,CTTCAGTATAGTCCAGNNGAAATCCATCCTGCC
H5_RevPool,TCCGGCTTCAGTATAGTGNNAAAGAAATCCATCCTG
H5_RevPool,GTCCGGCTTCAGTATGNNCCAAAAGAAATCCAT
H5_RevPool,CGTCCGGCTTCAGGNNAGTCCAAAAGAAA
H5_RevPool,CGTCGTCCGGCTTGNNTATAGTCCAAAAG
H5_RevPool,GCGTCGTCCGGGNNCAGTATAGTCC
H5_RevPool,TGAATCGCGTCGTCGNNCTTCAGTATAGTC
H5_RevPool,TGAATCGCGTCGNNCGGCTTCAGTA
H5_RevPool,AAAGTGAATCGCGNNGTCCGGCTTCA
H5_RevPool,GATTCAAAGTGAATGNNGTCGTCCGGCTTCA
H5_RevPool,GATTCAAAGTGGNNCGCGTCGTCCG
H5_RevPool,CCGTTAGATTCAAAGNNAATCGCGTCGTCC
H5_RevPool,GCCGTTAGATTCGNNGTGAATCGCGTC
H5_RevPool,TAAAGTTGCCGTTAGAGNNAAAGTGAATCGCGTC
H5_RevPool,CGATAAAGTTGCCGTTGNNTTCAAAGTGAATCGC
H5_RevPool,GGGCGATAAAGTTGCCGNNAGATTCAAAGTGAAT
H5_RevPool,TCAGGGGCGATAAAGTTGNNGTTAGATTCAAAGTGAA
H5_RevPool,TCAGGGGCGATAAAGNNGCCGTTAGATTCA
H5_RevPool,TCAGGGGCGATGNNGTTGCCGTTAG
H5_RevPool,GTACTCAGGGGCGNNAAAGTTGCCGTT
H5_RevPool,TTATAAGCGTACTCAGGGNNGATAAAGTTGCCGTTAG
H5_RevPool,CTTATAAGCGTACTCGNNGGCGATAAAGTTGCC
H5_RevPool,ACTATCTTATAAGCGTAGNNAGGGGCGATAAAGTTGC
H5_RevPool,TTCACTATCTTATAAGCGNNCTCAGGGGCGATAAAG
H5_RevPool,CCTTCTTCACTATCTTATAGNNGTACTCAGGGGCGATAAA
H5_RevPool,CTTCTTCACTATCTTGNNAGCGTACTCAGGGG
H5_RevPool,CACCCTTCTTCACTATGNNATAAGCGTACTCAGGG
H5_RevPool,CTATCACCCTTCTTCACGNNCTTATAAGCGTACTCAG
H5_RevPool,TCGTACTATCACCCTTCTTGNNTATCTTATAAGCGTACTCA
H5_RevPool,GATCGTACTATCACCCTTGNNCACTATCTTATAAGCGT
H5_RevPool,TCATGATCGTACTATCACCGNNCTTCACTATCTTATAAGC
H5_RevPool,GCTCTTCATGATCGTACTATCGNNCTTCTTCACTATCTTATAAG
H5_RevPool,GCTCTTCATGATCGTACTGNNACCCTTCTTCACTATCT
H5_RevPool,GCTCTTCATGATCGTGNNATCACCCTTCTTCAC
H5_RevPool,CCCGCTCTTCATGATGNNACTATCACCCTTCTT
H5_RevPool,CCCCGCTCTTCATGNNCGTACTATCACC
H5_RevPool,TCAACCCCGCTCTTGNNGATCGTACTATCAC
H5_RevPool,TACTCAACCCCGCTGNNCATGATCGTACTAT
H5_RevPool,CGTACTCAACCCCGNNCTTCATGATCGTA
H5_RevPool,TGACCGTACTCAACGNNGCTCTTCATGATC
H5_RevPool,TGACCGTACTCGNNCCCGCTCTTCA
H5_RevPool,TATTACAATGACCGTAGNNAACCCCGCTCTTCATG
H5_RevPool,GTATTACAATGACCGNNCTCAACCCCGCTC
H5_RevPool,ACTTTGTATTACAATGGNNGTACTCAACCCCGCT
H5_RevPool,GCACTTTGTATTACAGNNACCGTACTCAACCCC
H5_RevPool,TCTGGCACTTTGTATTGNNATGACCGTACTCAAC
H5_RevPool,GTCTGGCACTTTGTGNNACAATGACCGTACT
H5_RevPool,GGTGTCTGGCACTTGNNATTACAATGACCGT
H5_RevPool,AACCGGTGTCTGGCAGNNTGTATTACAATGAC
H5_RevPool,CCCAACCGGTGTCTGGNNCTTTGTATTACAAT
H5_RevPool,CCCCAACCGGTGTGNNGCACTTTGTATTA
H5_RevPool,GCCCCAACCGGGNNCTGGCACTTTG
H5_RevPool,TTAATTGCCCCAACGNNTGTCTGGCACTTT
H5_RevPool,TTAATTGCCCCGNNCGGTGTCTGGC
H5_RevPool,GATGAGTTAATTGCGNNAACCGGTGTCTGG
H5_RevPool,CATAGATGAGTTAATGNNCCCAACCGGTGTCTG
H5_RevPool,CATAGATGAGTTGNNTGCCCCAACCGG
H5_RevPool,AAGGGCATAGATGAGNNAATTGCCCCAACC
H5_RevPool,TATGAAAGGGCATAGAGNNGTTAATTGCCCCAAC
H5_RevPool,GATATTATGAAAGGGCATGNNTGAGTTAATTGCCCCAA
H5_RevPool,GTGGATATTATGAAAGGGGNNAGATGAGTTAATTGCCCC
H5_RevPool,AATGGGTGGATATTATGAAAGNNCATAGATGAGTTAATTGCCC
H5_RevPool,CAATGGGTGGATATTATGGNNGGGCATAGATGAGTTAA
H5_RevPool,GTCAATGGGTGGATATTGNNAAAGGGCATAGATGAGT
H5_RevPool,ATTGTCAATGGGTGGATGNNATGAAAGGGCATAGAT
H5_RevPool,CGATTGTCAATGGGTGGNNATTATGAAAGGGCATA
H5_RevPool,CACCGATTGTCAATGGGNNGATATTATGAAAGGGC
H5_RevPool,CACTCACCGATTGTCAAGNNGTGGATATTATGAAAGG
H5_RevPool,GACACTCACCGATTGTGNNTGGGTGGATATTATGA
H5_RevPool,GACACTCACCGATGNNCAATGGGTGGATA
H5_RevPool,TTGGACACTCACCGNNTGTCAATGGGTG
H5_RevPool,CATACTTTGGACACTCGNNGATTGTCAATGGGTG
H5_RevPool,TTAACATACTTTGGACAGNNACCGATTGTCAATGGGT
H5_RevPool,GCTTTTAACATACTTTGGGNNCTCACCGATTGTCAATG
H5_RevPool,TTGCTTTTAACATACTTGNNACACTCACCGATTGTCA
H5_RevPool,TTTATTGCTTTTAACATAGNNTGGACACTCACCGATTGT
H5_RevPool,GTTTATTGCTTTTAACGNNCTTTGGACACTCACCG
H5_RevPool,AACCAGTTTATTGCTTTTGNNATACTTTGGACACTCACC
H5_RevPool,CAGAACCAGTTTATTGCTGNNAACATACTTTGGACACT
H5_RevPool,TGCCAGAACCAGTTTATTGNNTTTAACATACTTTGGACA
H5_RevPool,GTTGCCAGAACCAGTTTGNNGCTTTTAACATACTTTG
H5_RevPool,CCGTTGCCAGAACCAGGNNATTGCTTTTAACATA
H5_RevPool,GCCCGTTGCCAGAACGNNTTTATTGCTTTTAA
H5_RevPool,CCCGTTGCCAGGNNCAGTTTATTGC
H5_RevPool,CTAAGGCCCGTTGCGNNAACCAGTTTATTG
H5_RevPool,TCCTAAGGCCCGTGNNCAGAACCAGTTTA
H5_RevPool,GTTCCTAAGGCCGNNTGCCAGAACCAG
H5_RevPool,GGGAGTTCCTAAGGNNCGTTGCCAGAAC
H5_RevPool,GGGGAGTTCCTGNNGCCCGTTGCCA
H5_RevPool,GAGTGGGGAGTTGNNAAGGCCCGTTG
H5_RevPool,CGGAGTGGGGAGNNCCTAAGGCCCG
H5_RevPool,TCGCGGAGTGGGNNGTTCCTAAGGC
H5_RevPool,TTTTCTCGCGGAGGNNGGAGTTCCTAAG
H5_RevPool,TTCTTTTCTCGCGGNNTGGGGAGTTCCTA
H5_RevPool,TTCCTTCTTTTCTCGNNGAGTGGGGAGTTCC
H5_RevPool,CTTCCTTCTTTTGNNGCGGAGTGGGGA
H5_RevPool,CGCTTCCTTCTGNNCTCGCGGAGTG
H5_RevPool,CCCCGCTTCCTGNNTTTCTCGCGGA
H5_RevPool,GAGACCCCGCTTGNNTCTTTTCTCGC
H5_RevPool,CGAAGAGACCCCGGNNCCTTCTTTTCTC
H5_RevPool,CACCGAAGAGACCGNNCTTCCTTCTTTTC
H5_RevPool,GCACCGAAGAGGNNCCGCTTCCTTC
H5_RevPool,AATAGCACCGAAGNNACCCCGCTTCC
H5_RevPool,GCAATAGCACCGNNGAGACCCCGCT
H5_RevPool,CCGGCAATAGCGNNGAAGAGACCCC
H5_RevPool,GAAGCCGGCAATGNNACCGAAGAGAC
H5_RevPool,ATGAAGCCGGCGNNAGCACCGAAGA
H5_RevPool,CCTTCAATGAAGCCGNNAATAGCACCGAAGA
H5_RevPool,CACCTTCAATGAAGNNGGCAATAGCACCG
H5_RevPool,CCCACCTTCAATGNNGCCGGCAATAG
H5_RevPool,CACCCACCTTCGNNGAAGCCGGCAA
H5_RevPool,TGCCACCCACCGNNAATGAAGCCGG
H5_RevPool,GCCTTGCCACCCGNNTTCAATGAAGC
H5_RevPool,ACCATGCCTTGCCAGNNACCTTCAATGAAG
H5_RevPool,ACCATGCCTTGGNNCCCACCTTCAA
H5_RevPool,TCCACCATGCCGNNCCACCCACCTT
H5_RevPool,CCGTCCACCATGNNTTGCCACCCAC
H5_RevPool,CAGCCGTCCACGNNGCCTTGCCACC
H5_RevPool,TACCAGCCGTCGNNCATGCCTTGCC
H5_RevPool,CCGTACCAGCCGNNCACCATGCCTT
H5_RevPool,ATAGCCGTACCAGNNGTCCACCATGC
H5_RevPool,TGATAGCCGTAGNNGCCGTCCACCA
H5_RevPool,TGGTGATAGCCGNNCCAGCCGTCCA
H5_RevPool,TTGAGTGGTGATAGNNGTACCAGCCGTCC
H5_RevPool,TTTGAGTGGTGGNNGCCGTACCAGC
H5_RevPool,TGTTCGTTTGAGTGGNNATAGCCGTACCAG
H5_RevPool,CCTTGTTCGTTTGAGNNGTGATAGCCGTACC
H5_RevPool,GATCCTTGTTCGTTGNNGTGGTGATAGCCG
H5_RevPool,TCCAGATCCTTGTTCGNNTGAGTGGTGATAGC
H5_RevPool,CGTATCCAGATCCTTGGNNGTTTGAGTGGTGATAG
H5_RevPool,GCGTATCCAGATCCGNNTTCGTTTGAGTGG
H5_RevPool,CGGCGTATCCAGAGNNTTGTTCGTTTGAG
H5_RevPool,GCGGCGTATCCGNNTCCTTGTTCGT
H5_RevPool,TATCGGCGGCGTAGNNAGATCCTTGTTC
H5_RevPool,CTTATCGGCGGCGNNTCCAGATCCTTG
H5_RevPool,TACTTTCCTTATCGGCGNNGTATCCAGATCCTTG
H5_RevPool,TGTACTTTCCTTATCGNNGGCGTATCCAGATCC
H5_RevPool,TGTACTTTCCTTGNNGGCGGCGTATCC
H5_RevPool,CTGTGTACTTTCGNNATCGGCGGCGTA
H5_RevPool,CTTTCTGTGTACTGNNCTTATCGGCGGC
H5_RevPool,ATGGCTTTCTGTGTGNNTTCCTTATCGGCG
H5_RevPool,GTCAATGGCTTTCTGGNNACTTTCCTTATCGGC
H5_RevPool,GCCGTCAATGGCTTTGNNTGTACTTTCCTTATC
H5_RevPool,GCCGTCAATGGCGNNCTGTGTACTTTC
H5_RevPool,TGTGACGCCGTCAATGNNTTTCTGTGTACTTT
H5_RevPool,GTGACGCCGTCGNNGGCTTTCTGTG
H5_RevPool,TGTTTGTGACGCCGNNAATGGCTTTCTG
H5_RevPool,CACTTTGTTTGTGACGNNGTCAATGGCTTTCTG
H5_RevPool,TCACTTTGTTTGTGNNGCCGTCAATGGC
H5_RevPool,CTATTCACTTTGTTGNNGACGCCGTCAATGG
H5_RevPool,TTATGCTATTCACTTTGNNTGTGACGCCGTCAAT
H5_RevPool,ATTATGCTATTCACGNNGTTTGTGACGCCGT
H5_RevPool,TTATCGATTATGCTATTGNNTTTGTTTGTGACGCCGT
H5_RevPool,ATCTTATCGATTATGCTGNNCACTTTGTTTGTGACG
H5_RevPool,TGTATTCATCTTATCGATTATGNNATTCACTTTGTTTGTGACGC
H5_RevPool,TGTGTATTCATCTTATCGATGNNGCTATTCACTTTGTTTGTG
H5_RevPool,GAACTGTGTATTCATCTTATCGNNTATGCTATTCACTTTGTTTGT
H5_RevPool,TCGAACTGTGTATTCATCTTGNNGATTATGCTATTCACTTTGT
H5_RevPool,GCTTCGAACTGTGTATTCATGNNATCGATTATGCTATTCACT
H5_RevPool,GGCTTCGAACTGTGTATTGNNCTTATCGATTATGCTAT
H5_RevPool,CGGCTTCGAACTGTGTGNNCATCTTATCGATTAT
H5_RevPool,GACGGCTTCGAACTGGNNATTCATCTTATCGAT
H5_RevPool,CCCGACGGCTTCGAAGNNTGTATTCATCTTATC
H5_RevPool,CCCGACGGCTTCGNNCTGTGTATTCAT
H5_RevPool,CTCCCGACGGCGNNGAACTGTGTAT
H5_RevPool,TTAAATTCTCTCCCGACGNNTTCGAACTGTGTATTCA
H5_RevPool,GTTAAATTCTCTCCCGNNGGCTTCGAACTGTG
H5_RevPool,GATTGTTAAATTCTCTGNNGACGGCTTCGAACTGT
H5_RevPool,GATTGTTAAATTCGNNCCCGACGGCTTCG
H5_RevPool,TCGAGATTGTTAAAGNNTCTCCCGACGGCTT
H5_RevPool,CTCTCGAGATTGTTGNNTTCTCTCCCGACG
H5_RevPool,CGTCTCTCGAGATTGNNAAATTCTCTCCCGA
H5_RevPool,AATGCGTCTCTCGAGGNNGTTAAATTCTCTCCC
H5_RevPool,GTTTTCAATGCGTCTCTCGNNATTGTTAAATTCTCTCCC
H5_RevPool,AAGGTTTTCAATGCGTCTGNNGAGATTGTTAAATTCTCT
H5_RevPool,TATTAAGGTTTTCAATGCGGNNCTCGAGATTGTTAAATTCT
H5_RevPool,CATCTTCTTATTAAGGTTTTCAATGNNTCTCTCGAGATTGTTAAATTCTC
H5_RevPool,TTCTTATTAAGGTTTTCGNNGCGTCTCTCGAGATTGT
H5_RevPool,CCATCTTCTTATTAAGGTTGNNAATGCGTCTCTCGAGATT
H5_RevPool,TCCATCTTCTTATTAAGGNNTTCAATGCGTCTCTCGA
H5_RevPool,ATCTTCCATCTTCTTATTGNNGTTTTCAATGCGTCTCTC
H5_RevPool,CCATCTTCCATCTTCTTGNNAAGGTTTTCAATGCGT
H5_RevPool,AAAGCCATCTTCCATCTTGNNATTAAGGTTTTCAATGCG
H5_RevPool,CCAGAAAGCCATCTTCCATGNNCTTATTAAGGTTTTCAAT
H5_RevPool,GTCCAGAAAGCCATCTTCGNNCTTCTTATTAAGGTTTT
H5_RevPool,CGTCCAGAAAGCCATCGNNCATCTTCTTATTAAGG
H5_RevPool,CAAACGTCCAGAAAGCCGNNTTCCATCTTCTTATTAA
H5_RevPool,AGTCCAAACGTCCAGAAAGNNATCTTCCATCTTCTTAT
H5_RevPool,CCAAACGTCCAGGNNGCCATCTTCCAT
H5_RevPool,GTAAGTCCAAACGTCGNNAAAGCCATCTTCCAT
H5_RevPool,GTTGTAAGTCCAAACGNNCAGAAAGCCATCTTC
H5_RevPool,CGTTGTAAGTCCAGNNGTCCAGAAAGCCA
H5_RevPool,TCCGCGTTGTAAGTGNNAACGTCCAGAAAG
H5_RevPool,TCCGCGTTGTAGNNCCAAACGTCCA
H5_RevPool,CAACTCCGCGTTGNNAGTCCAAACGTC
H5_RevPool,CAGCAACTCCGCGNNGTAAGTCCAAAC
H5_RevPool,GCACCAGCAACTCGNNGTTGTAAGTCCAA
H5_RevPool,AGCACCAGCAAGNNCGCGTTGTAAG
H5_RevPool,ATCAGCACCAGGNNCTCCGCGTTGT
H5_RevPool,TCCATCAGCACGNNCAACTCCGCGT
H5_RevPool,ATTCTCCATCAGGNNCAGCAACTCCGC
H5_RevPool,GTTCATTCTCCATGNNCACCAGCAACTCC
H5_RevPool,CGTTCATTCTCGNNCAGCACCAGCA
H5_RevPool,ATGTGCGTTCATTGNNCATCAGCACCAG
H5_RevPool,CTAATGTGCGTTCGNNCTCCATCAGCAC
H5_RevPool,GAAAGTCTAATGTGCGGNNATTCTCCATCAGCAC
H5_RevPool,TCGTGAAAGTCTAATGTGNNTTCATTCTCCATCAGCA
H5_RevPool,GTCGTGAAAGTCTAAGNNGCGTTCATTCTCCAT
H5_RevPool,CTGTCGTGAAAGTCGNNTGTGCGTTCATTC
H5_RevPool,ACGTTACTGTCGTGAAAGNNTAATGTGCGTTCATTC
H5_RevPool,CGTTACTGTCGTGGNNGTCTAATGTGCGT
H5_RevPool,TTCTTAACGTTACTGTCGNNAAAGTCTAATGTGCGTT
H5_RevPool,CAGATTCTTAACGTTACTGNNGTGAAAGTCTAATGTGCG
H5_RevPool,CATACAGATTCTTAACGTTGNNGTCGTGAAAGTCTAATGTG
H5_RevPool,CTTATCATACAGATTCTTAACGNNACTGTCGTGAAAGTCTAATGT
H5_RevPool,CCTTATCATACAGATTCTTGNNGTTACTGTCGTGAAAGTCT
H5_RevPool,GCACCTTATCATACAGATTGNNAACGTTACTGTCGTGAAA
H5_RevPool,GCACCTTATCATACAGGNNCTTAACGTTACTGTCG
H5_RevPool,AGGCGCACCTTATCATAGNNATTCTTAACGTTACTGT
H5_RevPool,AGGCGCACCTTATCGNNCAGATTCTTAACG
H5_RevPool,TTGCAGGCGCACCTTGNNATACAGATTCTTAAC
H5_RevPool,AGTTGCAGGCGCACGNNATCATACAGATTC
H5_RevPool,GGAGTTGCAGGCGGNNCTTATCATACAGA
H5_RevPool,TCTCGGAGTTGCAGGNNCACCTTATCATACA
H5_RevPool,GTCTCGGAGTTGGNNGCGCACCTTATC
H5_RevPool,TTGTCTCGGAGGNNCAGGCGCACCT
H5_RevPool,GCGTTGTCTCGGNNTTGCAGGCGCA
H5_RevPool,TTGGCGTTGTCGNNGAGTTGCAGGC
H5_RevPool,GTTCTTTGGCGTTGNNTCGGAGTTGCAG
H5_RevPool,CAAGTTCTTTGGCGNNGTCTCGGAGTTG
H5_RevPool,CATTTCCAAGTTCTTTGNNGTTGTCTCGGAGTTG
H5_RevPool,CATTTCCAAGTTCGNNGGCGTTGTCTCG
H5_RevPool,ACCCATTTCCAAGGNNTTTGGCGTTGTCT
H5_RevPool,GCACCCATTTCCGNNTTCTTTGGCGTT
H5_RevPool,TCAAAGCACCCATTGNNAAGTTCTTTGGCG
H5_RevPool,AACTCAAAGCACCCGNNTCCAAGTTCTTTG
H5_RevPool,ATGGTAAAACTCAAAGCAGNNATTTCCAAGTTCTTTGGC
H5_RevPool,ACTTATGGTAAAACTCAAAGNNCCCATTTCCAAGTTCTTT
H5_RevPool,ACTTATGGTAAAACTCGNNGCACCCATTTCCAAG
H5_RevPool,CGCACTTATGGTAAAAGNNAAAGCACCCATTTCCA
H5_RevPool,CGCACTTATGGTAGNNCTCAAAGCACCCA
H5_RevPool,GTTGTCGCACTTATGGNNAAACTCAAAGCACC
H5_RevPool,CTCGTTGTCGCACTTGNNGTAAAACTCAAAGC
H5_RevPool,CACTCGTTGTCGCAGNNATGGTAAAACTCAA
H5_RevPool,CATGCACTCGTTGTCGNNCTTATGGTAAAACTC
H5_RevPool,CTCCATGCACTCGTTGNNGCACTTATGGTAAAA
H5_RevPool,ACTCCATGCACTCGNNGTCGCACTTATG
H5_RevPool,GGACTCCATGCAGNNGTTGTCGCACTT
H5_RevPool,ACGGACTCCATGNNCTCGTTGTCGC
H5_RevPool,CCTAACGGACTCGNNGCACTCGTTGTC
H5_RevPool,CGTTCCTAACGGAGNNCATGCACTCGTT
H5_RevPool,CCGTTCCTAACGNNCTCCATGCACT
H5_RevPool,GTGCCGTTCCTGNNGGACTCCATGC
H5_RevPool,GTAGGTGCCGTTGNNAACGGACTCCAT
H5_RevPool,TCGTAGGTGCCGNNCCTAACGGACT
H5_RevPool,GTGGATAATCGTAGGTGNNGTTCCTAACGGACTC
H5_RevPool,TGTGGATAATCGTAGNNGCCGTTCCTAACG
H5_RevPool,GTATTGTGGATAATCGNNGGTGCCGTTCCTAAC
H5_RevPool,AGAGTATTGTGGATAGNNGTAGGTGCCGTTCC
H5_RevPool,TCAGAGTATTGTGGGNNATCGTAGGTGCCG
H5_RevPool,CCTCTTCAGAGTATTGGNNATAATCGTAGGTGCCG
H5_RevPool,CGCCTCTTCAGAGTAGNNTGGATAATCGTAGGT
H5_RevPool,CGCGCCTCTTCAGAGNNTTGTGGATAATCG
H5_RevPool,CCGCGCCTCTTCGNNGTATTGTGGATA
H5_RevPool,AGCCGCGCCTCGNNAGAGTATTGTG
H5_RevPool,CTTCAGCCGCGCGNNTTCAGAGTATTG
H5_RevPool,CGCTTCAGCCGGNNCTCTTCAGAGT
H5_RevPool,TCGCGCTTCAGGNNCGCCTCTTCAG
H5_RevPool,TCCTCGCGCTTGNNCCGCGCCTCTT
H5_RevPool,ATCTCCTCGCGGNNCAGCCGCGCCT
H5_RevPool,GAAATCTCCTCGNNCTTCAGCCGCG
H5_RevPool,CCGGAAATCTCGNNGCGCTTCAGCC
H5_RevPool,ACCCCGGAAATGNNCTCGCGCTTCA
H5_RevPool,TTAACCCCGGAGNNCTCCTCGCGCT
H5_RevPool,CAGCTTAACCCCGNNAATCTCCTCGCG
H5_RevPool,GACTCCAGCTTAACGNNGGAAATCTCCTCG
H5_RevPool,GGACTCCAGCTTGNNCCCGGAAATCTC
H5_RevPool,ACGGACTCCAGGNNAACCCCGGAAA
H5_RevPool,CCAACGGACTCGNNCTTAACCCCGG
H5_RevPool,GTGCCAACGGAGNNCAGCTTAACCC
H5_RevPool,TGATATGTGCCAACGNNCTCCAGCTTAACC
H5_RevPool,GAATTTGATATGTGCCGNNGGACTCCAGCTTAAC
H5_RevPool,TACTAAGAATTTGATATGTGNNAACGGACTCCAGCTTAACC
H5_RevPool,ATACTAAGAATTTGATAGNNGCCAACGGACTCCAGC
H5_RevPool,TATATACTAAGAATTTGGNNTGTGCCAACGGACTCCA
H5_RevPool,TGGAGTATATACTAAGAATGNNATATGTGCCAACGGACTCC
H5_RevPool,GGTGGAGTATATACTAAGGNNTTGATATGTGCCAACGG
H5_RevPool,TGCGGTGGAGTATATACTGNNAATTTGATATGTGCCAA
H5_RevPool,GCTGCGGTGGAGTATATGNNAAGAATTTGATATGTGC
H5_RevPool,CTGGCTGCGGTGGAGTAGNNACTAAGAATTTGATAT
H5_RevPool,GCTGGCTGCGGTGGAGNNTATACTAAGAATTTG
H5_RevPool,CTGCTGGCTGCGGTGNNGTATATACTAAGAA
H5_RevPool,GGCTGCTGGCTGCGNNGGAGTATATACTA
H5_RevPool,AGGCTGCTGGCGNNGGTGGAGTATA
H5_RevPool,GCGAGGCTGCTGNNTGCGGTGGAGT
H5_RevPool,AGCGCGAGGCTGNNGGCTGCGGTGG
H5_RevPool,GCGAGCGCGAGGNNGCTGGCTGCGG
H5_RevPool,ATGGCGAGCGCGNNGCTGCTGGCTG
H5_RevPool,CATTATGGCGAGGNNGAGGCTGCTGG
H5_RevPool,ATCATTATGGCGNNCGCGAGGCTGC
H5_RevPool,GCCATCATTATGNNGAGCGCGAGGC
H5_RevPool,CCGGCCATCATGNNGGCGAGCGCGA
H5_RevPool,AGTCCGGCCATGNNTATGGCGAGCG
H5_RevPool,CTCAGTCCGGCGNNCATTATGGCGA
H5_RevPool,AGAGGCTCAGTCCGNNCATCATTATGGC
H5_RevPool,TCCAGAGGCTCAGGNNGGCCATCATTAT
H5_RevPool,ATCCAGAGGCTGNNTCCGGCCATCA
H5_RevPool,CACATCCAGAGGNNCAGTCCGGCCA
H5_RevPool,GCTACACATCCAGNNGCTCAGTCCGG
H5_RevPool,CGTTGCTACACATGNNGAGGCTCAGTCC
H5_RevPool,CCGTTGCTACAGNNCCAGAGGCTCA
H5_RevPool,GAACCGTTGCTGNNCATCCAGAGGC
H5_RevPool,GCAAGGAACCGTTGNNACACATCCAGAG
H5_RevPool,ATTGCAAGGAACCGNNGCTACACATCCAG
H5_RevPool,CGACATTGCAAGGAGNNGTTGCTACACATC
H5_RevPool,GCGACATTGCAAGNNACCGTTGCTACA
H5_RevPool,AAATGCGACATTGGNNGGAACCGTTGCTA
H5_RevPool,ATACAAATGCGACAGNNCAAGGAACCGTTG
H5_RevPool,tattaGATACAAATGCGGNNTTGCAAGGAACCGTTG
H5_RevPool,gcctattaGATACAAATGNNACATTGCAAGGAACCGT
H5_RevPool,cgcctattaGATACAGNNGCGACATTGCAAGG
H5_RevPool,cgcgcctattaGATGNNAATGCGACATTGC
H5_RevPool,gcgcgcctattaGNNACAAATGCGACA
